1: 2 4 20 22 116 118 134 136
2: 1 3 19 21 115 117 133 135
3: 2 6 14 20 24 32 116 120 128 134 138 146
4: 1 5 14 19 23 32 115 119 128 133 137 146
5: 4 8 15 22 26 33 118 122 129 136 140 147
6: 3 7 15 21 25 33 117 121 129 135 139 147
7: 6 10 16 24 28 34 120 124 130 138 142 148
8: 5 9 16 23 27 34 119 123 130 137 141 148
9: 8 12 17 26 30 35 122 126 131 140 144 149
10: 7 11 17 25 29 35 121 125 131 139 143 149
11: 10 13 18 28 31 36 124 127 132 142 145 150
12: 9 13 18 27 31 36 123 127 132 141 145 150
13: 11 12 14 15 16 17 18 29 30 32 33 34 35 36 125 126 128 129 130 131 132 143 144 146 147 148 149 150
14: 3 4 13 15 16 17 18 21 22 31 33 34 35 36 117 118 127 129 130 131 132 135 136 145 147 148 149 150
15: 5 6 13 14 16 17 18 23 24 31 32 34 35 36 119 120 127 128 130 131 132 137 138 145 146 148 149 150
16: 7 8 13 14 15 17 18 25 26 31 32 33 35 36 121 122 127 128 129 131 132 139 140 145 146 147 149 150
17: 9 10 13 14 15 16 18 27 28 31 32 33 34 36 123 124 127 128 129 130 132 141 142 145 146 147 148 150
18: 11 12 13 14 15 16 17 29 30 31 32 33 34 35 125 126 127 128 129 130 131 143 144 145 146 147 148 149
19: 2 4 38 40 110 116 118 152 154 224
20: 1 3 37 39 110 115 117 151 153 224
21: 2 6 14 38 42 50 110 116 120 128 152 156 164 224
22: 1 5 14 37 41 50 110 115 119 128 151 155 164 224
23: 4 8 15 40 44 51 110 118 122 129 154 158 165 224
24: 3 7 15 39 43 51 110 117 121 129 153 157 165 224
25: 6 10 16 42 46 52 110 120 124 130 156 160 166 224
26: 5 9 16 41 45 52 110 119 123 130 155 159 166 224
27: 8 12 17 44 48 53 110 122 126 131 158 162 167 224
28: 7 11 17 43 47 53 110 121 125 131 157 161 167 224
29: 10 13 18 46 49 54 110 124 127 132 160 163 168 224
30: 9 13 18 45 49 54 110 123 127 132 159 163 168 224
31: 11 12 14 15 16 17 18 47 48 50 51 52 53 54 110 125 126 128 129 130 131 132 161 162 164 165 166 167 168 224
32: 3 4 13 15 16 17 18 39 40 49 51 52 53 54 110 117 118 127 129 130 131 132 153 154 163 165 166 167 168 224
33: 5 6 13 14 16 17 18 41 42 49 50 52 53 54 110 119 120 127 128 130 131 132 155 156 163 164 166 167 168 224
34: 7 8 13 14 15 17 18 43 44 49 50 51 53 54 110 121 122 127 128 129 131 132 157 158 163 164 165 167 168 224
35: 9 10 13 14 15 16 18 45 46 49 50 51 52 54 110 123 124 127 128 129 130 132 159 160 163 164 165 166 168 224
36: 11 12 13 14 15 16 17 47 48 49 50 51 52 53 110 125 126 127 128 129 130 131 161 162 163 164 165 166 167 224
37: 20 22 56 58 111 134 136 170 172 225
38: 19 21 55 57 111 133 135 169 171 225
39: 20 24 32 56 60 68 111 134 138 146 170 174 182 225
40: 19 23 32 55 59 68 111 133 137 146 169 173 182 225
41: 22 26 33 58 62 69 111 136 140 147 172 176 183 225
42: 21 25 33 57 61 69 111 135 139 147 171 175 183 225
43: 24 28 34 60 64 70 111 138 142 148 174 178 184 225
44: 23 27 34 59 63 70 111 137 141 148 173 177 184 225
45: 26 30 35 62 66 71 111 140 144 149 176 180 185 225
46: 25 29 35 61 65 71 111 139 143 149 175 179 185 225
47: 28 31 36 64 67 72 111 142 145 150 178 181 186 225
48: 27 31 36 63 67 72 111 141 145 150 177 181 186 225
49: 29 30 32 33 34 35 36 65 66 68 69 70 71 72 111 143 144 146 147 148 149 150 179 180 182 183 184 185 186 225
50: 21 22 31 33 34 35 36 57 58 67 69 70 71 72 111 135 136 145 147 148 149 150 171 172 181 183 184 185 186 225
51: 23 24 31 32 34 35 36 59 60 67 68 70 71 72 111 137 138 145 146 148 149 150 173 174 181 182 184 185 186 225
52: 25 26 31 32 33 35 36 61 62 67 68 69 71 72 111 139 140 145 146 147 149 150 175 176 181 182 183 185 186 225
53: 27 28 31 32 33 34 36 63 64 67 68 69 70 72 111 141 142 145 146 147 148 150 177 178 181 182 183 184 186 225
54: 29 30 31 32 33 34 35 65 66 67 68 69 70 71 111 143 144 145 146 147 148 149 179 180 181 182 183 184 185 225
55: 38 40 74 76 112 152 154 188 190 226
56: 37 39 73 75 112 151 153 187 189 226
57: 38 42 50 74 78 86 112 152 156 164 188 192 200 226
58: 37 41 50 73 77 86 112 151 155 164 187 191 200 226
59: 40 44 51 76 80 87 112 154 158 165 190 194 201 226
60: 39 43 51 75 79 87 112 153 157 165 189 193 201 226
61: 42 46 52 78 82 88 112 156 160 166 192 196 202 226
62: 41 45 52 77 81 88 112 155 159 166 191 195 202 226
63: 44 48 53 80 84 89 112 158 162 167 194 198 203 226
64: 43 47 53 79 83 89 112 157 161 167 193 197 203 226
65: 46 49 54 82 85 90 112 160 163 168 196 199 204 226
66: 45 49 54 81 85 90 112 159 163 168 195 199 204 226
67: 47 48 50 51 52 53 54 83 84 86 87 88 89 90 112 161 162 164 165 166 167 168 197 198 200 201 202 203 204 226
68: 39 40 49 51 52 53 54 75 76 85 87 88 89 90 112 153 154 163 165 166 167 168 189 190 199 201 202 203 204 226
69: 41 42 49 50 52 53 54 77 78 85 86 88 89 90 112 155 156 163 164 166 167 168 191 192 199 200 202 203 204 226
70: 43 44 49 50 51 53 54 79 80 85 86 87 89 90 112 157 158 163 164 165 167 168 193 194 199 200 201 203 204 226
71: 45 46 49 50 51 52 54 81 82 85 86 87 88 90 112 159 160 163 164 165 166 168 195 196 199 200 201 202 204 226
72: 47 48 49 50 51 52 53 83 84 85 86 87 88 89 112 161 162 163 164 165 166 167 197 198 199 200 201 202 203 226
73: 56 58 92 94 113 170 172 206 208 227
74: 55 57 91 93 113 169 171 205 207 227
75: 56 60 68 92 96 104 113 170 174 182 206 210 218 227
76: 55 59 68 91 95 104 113 169 173 182 205 209 218 227
77: 58 62 69 94 98 105 113 172 176 183 208 212 219 227
78: 57 61 69 93 97 105 113 171 175 183 207 211 219 227
79: 60 64 70 96 100 106 113 174 178 184 210 214 220 227
80: 59 63 70 95 99 106 113 173 177 184 209 213 220 227
81: 62 66 71 98 102 107 113 176 180 185 212 216 221 227
82: 61 65 71 97 101 107 113 175 179 185 211 215 221 227
83: 64 67 72 100 103 108 113 178 181 186 214 217 222 227
84: 63 67 72 99 103 108 113 177 181 186 213 217 222 227
85: 65 66 68 69 70 71 72 101 102 104 105 106 107 108 113 179 180 182 183 184 185 186 215 216 218 219 220 221 222 227
86: 57 58 67 69 70 71 72 93 94 103 105 106 107 108 113 171 172 181 183 184 185 186 207 208 217 219 220 221 222 227
87: 59 60 67 68 70 71 72 95 96 103 104 106 107 108 113 173 174 181 182 184 185 186 209 210 217 218 220 221 222 227
88: 61 62 67 68 69 71 72 97 98 103 104 105 107 108 113 175 176 181 182 183 185 186 211 212 217 218 219 221 222 227
89: 63 64 67 68 69 70 72 99 100 103 104 105 106 108 113 177 178 181 182 183 184 186 213 214 217 218 219 220 222 227
90: 65 66 67 68 69 70 71 101 102 103 104 105 106 107 113 179 180 181 182 183 184 185 215 216 217 218 219 220 221 227
91: 74 76 109 114 188 190 223 228
92: 73 75 109 114 187 189 223 228
93: 74 78 86 109 114 188 192 200 223 228
94: 73 77 86 109 114 187 191 200 223 228
95: 76 80 87 109 114 190 194 201 223 228
96: 75 79 87 109 114 189 193 201 223 228
97: 78 82 88 109 114 192 196 202 223 228
98: 77 81 88 109 114 191 195 202 223 228
99: 80 84 89 109 114 194 198 203 223 228
100: 79 83 89 109 114 193 197 203 223 228
101: 82 85 90 109 114 196 199 204 223 228
102: 81 85 90 109 114 195 199 204 223 228
103: 83 84 86 87 88 89 90 109 114 197 198 200 201 202 203 204 223 228
104: 75 76 85 87 88 89 90 109 114 189 190 199 201 202 203 204 223 228
105: 77 78 85 86 88 89 90 109 114 191 192 199 200 202 203 204 223 228
106: 79 80 85 86 87 89 90 109 114 193 194 199 200 201 203 204 223 228
107: 81 82 85 86 87 88 90 109 114 195 196 199 200 201 202 204 223 228
108: 83 84 85 86 87 88 89 109 114 197 198 199 200 201 202 203 223 228
109: 91 92 93 94 95 96 97 98 99 100 101 102 103 104 105 106 107 108 110 111 112 113 114 205 206 207 208 209 210 211 212 213 214 215 216 217 218 219 220 221 222 224 225 226 227 228
110: 19 20 21 22 23 24 25 26 27 28 29 30 31 32 33 34 35 36 109 111 112 113 114 133 134 135 136 137 138 139 140 141 142 143 144 145 146 147 148 149 150 223 225 226 227 228
111: 37 38 39 40 41 42 43 44 45 46 47 48 49 50 51 52 53 54 109 110 112 113 114 151 152 153 154 155 156 157 158 159 160 161 162 163 164 165 166 167 168 223 224 226 227 228
112: 55 56 57 58 59 60 61 62 63 64 65 66 67 68 69 70 71 72 109 110 111 113 114 169 170 171 172 173 174 175 176 177 178 179 180 181 182 183 184 185 186 223 224 225 227 228
113: 73 74 75 76 77 78 79 80 81 82 83 84 85 86 87 88 89 90 109 110 111 112 114 187 188 189 190 191 192 193 194 195 196 197 198 199 200 201 202 203 204 223 224 225 226 228
114: 91 92 93 94 95 96 97 98 99 100 101 102 103 104 105 106 107 108 109 110 111 112 113 205 206 207 208 209 210 211 212 213 214 215 216 217 218 219 220 221 222 223 224 225 226 227
115: 2 4 20 22 230 232 248 250 686
116: 1 3 19 21 229 231 247 249 686
117: 2 6 14 20 24 32 230 234 242 248 252 260 686
118: 1 5 14 19 23 32 229 233 242 247 251 260 686
119: 4 8 15 22 26 33 232 236 243 250 254 261 686
120: 3 7 15 21 25 33 231 235 243 249 253 261 686
121: 6 10 16 24 28 34 234 238 244 252 256 262 686
122: 5 9 16 23 27 34 233 237 244 251 255 262 686
123: 8 12 17 26 30 35 236 240 245 254 258 263 686
124: 7 11 17 25 29 35 235 239 245 253 257 263 686
125: 10 13 18 28 31 36 238 241 246 256 259 264 686
126: 9 13 18 27 31 36 237 241 246 255 259 264 686
127: 11 12 14 15 16 17 18 29 30 32 33 34 35 36 239 240 242 243 244 245 246 257 258 260 261 262 263 264 686
128: 3 4 13 15 16 17 18 21 22 31 33 34 35 36 231 232 241 243 244 245 246 249 250 259 261 262 263 264 686
129: 5 6 13 14 16 17 18 23 24 31 32 34 35 36 233 234 241 242 244 245 246 251 252 259 260 262 263 264 686
130: 7 8 13 14 15 17 18 25 26 31 32 33 35 36 235 236 241 242 243 245 246 253 254 259 260 261 263 264 686
131: 9 10 13 14 15 16 18 27 28 31 32 33 34 36 237 238 241 242 243 244 246 255 256 259 260 261 262 264 686
132: 11 12 13 14 15 16 17 29 30 31 32 33 34 35 239 240 241 242 243 244 245 257 258 259 260 261 262 263 686
133: 2 4 38 40 110 230 232 266 268 338 686
134: 1 3 37 39 110 229 231 265 267 338 686
135: 2 6 14 38 42 50 110 230 234 242 266 270 278 338 686
136: 1 5 14 37 41 50 110 229 233 242 265 269 278 338 686
137: 4 8 15 40 44 51 110 232 236 243 268 272 279 338 686
138: 3 7 15 39 43 51 110 231 235 243 267 271 279 338 686
139: 6 10 16 42 46 52 110 234 238 244 270 274 280 338 686
140: 5 9 16 41 45 52 110 233 237 244 269 273 280 338 686
141: 8 12 17 44 48 53 110 236 240 245 272 276 281 338 686
142: 7 11 17 43 47 53 110 235 239 245 271 275 281 338 686
143: 10 13 18 46 49 54 110 238 241 246 274 277 282 338 686
144: 9 13 18 45 49 54 110 237 241 246 273 277 282 338 686
145: 11 12 14 15 16 17 18 47 48 50 51 52 53 54 110 239 240 242 243 244 245 246 275 276 278 279 280 281 282 338 686
146: 3 4 13 15 16 17 18 39 40 49 51 52 53 54 110 231 232 241 243 244 245 246 267 268 277 279 280 281 282 338 686
147: 5 6 13 14 16 17 18 41 42 49 50 52 53 54 110 233 234 241 242 244 245 246 269 270 277 278 280 281 282 338 686
148: 7 8 13 14 15 17 18 43 44 49 50 51 53 54 110 235 236 241 242 243 245 246 271 272 277 278 279 281 282 338 686
149: 9 10 13 14 15 16 18 45 46 49 50 51 52 54 110 237 238 241 242 243 244 246 273 274 277 278 279 280 282 338 686
150: 11 12 13 14 15 16 17 47 48 49 50 51 52 53 110 239 240 241 242 243 244 245 275 276 277 278 279 280 281 338 686
151: 20 22 56 58 111 248 250 284 286 339 686
152: 19 21 55 57 111 247 249 283 285 339 686
153: 20 24 32 56 60 68 111 248 252 260 284 288 296 339 686
154: 19 23 32 55 59 68 111 247 251 260 283 287 296 339 686
155: 22 26 33 58 62 69 111 250 254 261 286 290 297 339 686
156: 21 25 33 57 61 69 111 249 253 261 285 289 297 339 686
157: 24 28 34 60 64 70 111 252 256 262 288 292 298 339 686
158: 23 27 34 59 63 70 111 251 255 262 287 291 298 339 686
159: 26 30 35 62 66 71 111 254 258 263 290 294 299 339 686
160: 25 29 35 61 65 71 111 253 257 263 289 293 299 339 686
161: 28 31 36 64 67 72 111 256 259 264 292 295 300 339 686
162: 27 31 36 63 67 72 111 255 259 264 291 295 300 339 686
163: 29 30 32 33 34 35 36 65 66 68 69 70 71 72 111 257 258 260 261 262 263 264 293 294 296 297 298 299 300 339 686
164: 21 22 31 33 34 35 36 57 58 67 69 70 71 72 111 249 250 259 261 262 263 264 285 286 295 297 298 299 300 339 686
165: 23 24 31 32 34 35 36 59 60 67 68 70 71 72 111 251 252 259 260 262 263 264 287 288 295 296 298 299 300 339 686
166: 25 26 31 32 33 35 36 61 62 67 68 69 71 72 111 253 254 259 260 261 263 264 289 290 295 296 297 299 300 339 686
167: 27 28 31 32 33 34 36 63 64 67 68 69 70 72 111 255 256 259 260 261 262 264 291 292 295 296 297 298 300 339 686
168: 29 30 31 32 33 34 35 65 66 67 68 69 70 71 111 257 258 259 260 261 262 263 293 294 295 296 297 298 299 339 686
169: 38 40 74 76 112 266 268 302 304 340 686
170: 37 39 73 75 112 265 267 301 303 340 686
171: 38 42 50 74 78 86 112 266 270 278 302 306 314 340 686
172: 37 41 50 73 77 86 112 265 269 278 301 305 314 340 686
173: 40 44 51 76 80 87 112 268 272 279 304 308 315 340 686
174: 39 43 51 75 79 87 112 267 271 279 303 307 315 340 686
175: 42 46 52 78 82 88 112 270 274 280 306 310 316 340 686
176: 41 45 52 77 81 88 112 269 273 280 305 309 316 340 686
177: 44 48 53 80 84 89 112 272 276 281 308 312 317 340 686
178: 43 47 53 79 83 89 112 271 275 281 307 311 317 340 686
179: 46 49 54 82 85 90 112 274 277 282 310 313 318 340 686
180: 45 49 54 81 85 90 112 273 277 282 309 313 318 340 686
181: 47 48 50 51 52 53 54 83 84 86 87 88 89 90 112 275 276 278 279 280 281 282 311 312 314 315 316 317 318 340 686
182: 39 40 49 51 52 53 54 75 76 85 87 88 89 90 112 267 268 277 279 280 281 282 303 304 313 315 316 317 318 340 686
183: 41 42 49 50 52 53 54 77 78 85 86 88 89 90 112 269 270 277 278 280 281 282 305 306 313 314 316 317 318 340 686
184: 43 44 49 50 51 53 54 79 80 85 86 87 89 90 112 271 272 277 278 279 281 282 307 308 313 314 315 317 318 340 686
185: 45 46 49 50 51 52 54 81 82 85 86 87 88 90 112 273 274 277 278 279 280 282 309 310 313 314 315 316 318 340 686
186: 47 48 49 50 51 52 53 83 84 85 86 87 88 89 112 275 276 277 278 279 280 281 311 312 313 314 315 316 317 340 686
187: 56 58 92 94 113 284 286 320 322 341 686
188: 55 57 91 93 113 283 285 319 321 341 686
189: 56 60 68 92 96 104 113 284 288 296 320 324 332 341 686
190: 55 59 68 91 95 104 113 283 287 296 319 323 332 341 686
191: 58 62 69 94 98 105 113 286 290 297 322 326 333 341 686
192: 57 61 69 93 97 105 113 285 289 297 321 325 333 341 686
193: 60 64 70 96 100 106 113 288 292 298 324 328 334 341 686
194: 59 63 70 95 99 106 113 287 291 298 323 327 334 341 686
195: 62 66 71 98 102 107 113 290 294 299 326 330 335 341 686
196: 61 65 71 97 101 107 113 289 293 299 325 329 335 341 686
197: 64 67 72 100 103 108 113 292 295 300 328 331 336 341 686
198: 63 67 72 99 103 108 113 291 295 300 327 331 336 341 686
199: 65 66 68 69 70 71 72 101 102 104 105 106 107 108 113 293 294 296 297 298 299 300 329 330 332 333 334 335 336 341 686
200: 57 58 67 69 70 71 72 93 94 103 105 106 107 108 113 285 286 295 297 298 299 300 321 322 331 333 334 335 336 341 686
201: 59 60 67 68 70 71 72 95 96 103 104 106 107 108 113 287 288 295 296 298 299 300 323 324 331 332 334 335 336 341 686
202: 61 62 67 68 69 71 72 97 98 103 104 105 107 108 113 289 290 295 296 297 299 300 325 326 331 332 333 335 336 341 686
203: 63 64 67 68 69 70 72 99 100 103 104 105 106 108 113 291 292 295 296 297 298 300 327 328 331 332 333 334 336 341 686
204: 65 66 67 68 69 70 71 101 102 103 104 105 106 107 113 293 294 295 296 297 298 299 329 330 331 332 333 334 335 341 686
205: 74 76 109 114 302 304 337 342 686
206: 73 75 109 114 301 303 337 342 686
207: 74 78 86 109 114 302 306 314 337 342 686
208: 73 77 86 109 114 301 305 314 337 342 686
209: 76 80 87 109 114 304 308 315 337 342 686
210: 75 79 87 109 114 303 307 315 337 342 686
211: 78 82 88 109 114 306 310 316 337 342 686
212: 77 81 88 109 114 305 309 316 337 342 686
213: 80 84 89 109 114 308 312 317 337 342 686
214: 79 83 89 109 114 307 311 317 337 342 686
215: 82 85 90 109 114 310 313 318 337 342 686
216: 81 85 90 109 114 309 313 318 337 342 686
217: 83 84 86 87 88 89 90 109 114 311 312 314 315 316 317 318 337 342 686
218: 75 76 85 87 88 89 90 109 114 303 304 313 315 316 317 318 337 342 686
219: 77 78 85 86 88 89 90 109 114 305 306 313 314 316 317 318 337 342 686
220: 79 80 85 86 87 89 90 109 114 307 308 313 314 315 317 318 337 342 686
221: 81 82 85 86 87 88 90 109 114 309 310 313 314 315 316 318 337 342 686
222: 83 84 85 86 87 88 89 109 114 311 312 313 314 315 316 317 337 342 686
223: 91 92 93 94 95 96 97 98 99 100 101 102 103 104 105 106 107 108 110 111 112 113 114 319 320 321 322 323 324 325 326 327 328 329 330 331 332 333 334 335 336 338 339 340 341 342 686
224: 19 20 21 22 23 24 25 26 27 28 29 30 31 32 33 34 35 36 109 111 112 113 114 247 248 249 250 251 252 253 254 255 256 257 258 259 260 261 262 263 264 337 339 340 341 342 686
225: 37 38 39 40 41 42 43 44 45 46 47 48 49 50 51 52 53 54 109 110 112 113 114 265 266 267 268 269 270 271 272 273 274 275 276 277 278 279 280 281 282 337 338 340 341 342 686
226: 55 56 57 58 59 60 61 62 63 64 65 66 67 68 69 70 71 72 109 110 111 113 114 283 284 285 286 287 288 289 290 291 292 293 294 295 296 297 298 299 300 337 338 339 341 342 686
227: 73 74 75 76 77 78 79 80 81 82 83 84 85 86 87 88 89 90 109 110 111 112 114 301 302 303 304 305 306 307 308 309 310 311 312 313 314 315 316 317 318 337 338 339 340 342 686
228: 91 92 93 94 95 96 97 98 99 100 101 102 103 104 105 106 107 108 109 110 111 112 113 319 320 321 322 323 324 325 326 327 328 329 330 331 332 333 334 335 336 337 338 339 340 341 686
229: 116 118 134 136 344 346 362 364 687
230: 115 117 133 135 343 345 361 363 687
231: 116 120 128 134 138 146 344 348 356 362 366 374 687
232: 115 119 128 133 137 146 343 347 356 361 365 374 687
233: 118 122 129 136 140 147 346 350 357 364 368 375 687
234: 117 121 129 135 139 147 345 349 357 363 367 375 687
235: 120 124 130 138 142 148 348 352 358 366 370 376 687
236: 119 123 130 137 141 148 347 351 358 365 369 376 687
237: 122 126 131 140 144 149 350 354 359 368 372 377 687
238: 121 125 131 139 143 149 349 353 359 367 371 377 687
239: 124 127 132 142 145 150 352 355 360 370 373 378 687
240: 123 127 132 141 145 150 351 355 360 369 373 378 687
241: 125 126 128 129 130 131 132 143 144 146 147 148 149 150 353 354 356 357 358 359 360 371 372 374 375 376 377 378 687
242: 117 118 127 129 130 131 132 135 136 145 147 148 149 150 345 346 355 357 358 359 360 363 364 373 375 376 377 378 687
243: 119 120 127 128 130 131 132 137 138 145 146 148 149 150 347 348 355 356 358 359 360 365 366 373 374 376 377 378 687
244: 121 122 127 128 129 131 132 139 140 145 146 147 149 150 349 350 355 356 357 359 360 367 368 373 374 375 377 378 687
245: 123 124 127 128 129 130 132 141 142 145 146 147 148 150 351 352 355 356 357 358 360 369 370 373 374 375 376 378 687
246: 125 126 127 128 129 130 131 143 144 145 146 147 148 149 353 354 355 356 357 358 359 371 372 373 374 375 376 377 687
247: 116 118 152 154 224 344 346 380 382 452 687
248: 115 117 151 153 224 343 345 379 381 452 687
249: 116 120 128 152 156 164 224 344 348 356 380 384 392 452 687
250: 115 119 128 151 155 164 224 343 347 356 379 383 392 452 687
251: 118 122 129 154 158 165 224 346 350 357 382 386 393 452 687
252: 117 121 129 153 157 165 224 345 349 357 381 385 393 452 687
253: 120 124 130 156 160 166 224 348 352 358 384 388 394 452 687
254: 119 123 130 155 159 166 224 347 351 358 383 387 394 452 687
255: 122 126 131 158 162 167 224 350 354 359 386 390 395 452 687
256: 121 125 131 157 161 167 224 349 353 359 385 389 395 452 687
257: 124 127 132 160 163 168 224 352 355 360 388 391 396 452 687
258: 123 127 132 159 163 168 224 351 355 360 387 391 396 452 687
259: 125 126 128 129 130 131 132 161 162 164 165 166 167 168 224 353 354 356 357 358 359 360 389 390 392 393 394 395 396 452 687
260: 117 118 127 129 130 131 132 153 154 163 165 166 167 168 224 345 346 355 357 358 359 360 381 382 391 393 394 395 396 452 687
261: 119 120 127 128 130 131 132 155 156 163 164 166 167 168 224 347 348 355 356 358 359 360 383 384 391 392 394 395 396 452 687
262: 121 122 127 128 129 131 132 157 158 163 164 165 167 168 224 349 350 355 356 357 359 360 385 386 391 392 393 395 396 452 687
263: 123 124 127 128 129 130 132 159 160 163 164 165 166 168 224 351 352 355 356 357 358 360 387 388 391 392 393 394 396 452 687
264: 125 126 127 128 129 130 131 161 162 163 164 165 166 167 224 353 354 355 356 357 358 359 389 390 391 392 393 394 395 452 687
265: 134 136 170 172 225 362 364 398 400 453 687
266: 133 135 169 171 225 361 363 397 399 453 687
267: 134 138 146 170 174 182 225 362 366 374 398 402 410 453 687
268: 133 137 146 169 173 182 225 361 365 374 397 401 410 453 687
269: 136 140 147 172 176 183 225 364 368 375 400 404 411 453 687
270: 135 139 147 171 175 183 225 363 367 375 399 403 411 453 687
271: 138 142 148 174 178 184 225 366 370 376 402 406 412 453 687
272: 137 141 148 173 177 184 225 365 369 376 401 405 412 453 687
273: 140 144 149 176 180 185 225 368 372 377 404 408 413 453 687
274: 139 143 149 175 179 185 225 367 371 377 403 407 413 453 687
275: 142 145 150 178 181 186 225 370 373 378 406 409 414 453 687
276: 141 145 150 177 181 186 225 369 373 378 405 409 414 453 687
277: 143 144 146 147 148 149 150 179 180 182 183 184 185 186 225 371 372 374 375 376 377 378 407 408 410 411 412 413 414 453 687
278: 135 136 145 147 148 149 150 171 172 181 183 184 185 186 225 363 364 373 375 376 377 378 399 400 409 411 412 413 414 453 687
279: 137 138 145 146 148 149 150 173 174 181 182 184 185 186 225 365 366 373 374 376 377 378 401 402 409 410 412 413 414 453 687
280: 139 140 145 146 147 149 150 175 176 181 182 183 185 186 225 367 368 373 374 375 377 378 403 404 409 410 411 413 414 453 687
281: 141 142 145 146 147 148 150 177 178 181 182 183 184 186 225 369 370 373 374 375 376 378 405 406 409 410 411 412 414 453 687
282: 143 144 145 146 147 148 149 179 180 181 182 183 184 185 225 371 372 373 374 375 376 377 407 408 409 410 411 412 413 453 687
283: 152 154 188 190 226 380 382 416 418 454 687
284: 151 153 187 189 226 379 381 415 417 454 687
285: 152 156 164 188 192 200 226 380 384 392 416 420 428 454 687
286: 151 155 164 187 191 200 226 379 383 392 415 419 428 454 687
287: 154 158 165 190 194 201 226 382 386 393 418 422 429 454 687
288: 153 157 165 189 193 201 226 381 385 393 417 421 429 454 687
289: 156 160 166 192 196 202 226 384 388 394 420 424 430 454 687
290: 155 159 166 191 195 202 226 383 387 394 419 423 430 454 687
291: 158 162 167 194 198 203 226 386 390 395 422 426 431 454 687
292: 157 161 167 193 197 203 226 385 389 395 421 425 431 454 687
293: 160 163 168 196 199 204 226 388 391 396 424 427 432 454 687
294: 159 163 168 195 199 204 226 387 391 396 423 427 432 454 687
295: 161 162 164 165 166 167 168 197 198 200 201 202 203 204 226 389 390 392 393 394 395 396 425 426 428 429 430 431 432 454 687
296: 153 154 163 165 166 167 168 189 190 199 201 202 203 204 226 381 382 391 393 394 395 396 417 418 427 429 430 431 432 454 687
297: 155 156 163 164 166 167 168 191 192 199 200 202 203 204 226 383 384 391 392 394 395 396 419 420 427 428 430 431 432 454 687
298: 157 158 163 164 165 167 168 193 194 199 200 201 203 204 226 385 386 391 392 393 395 396 421 422 427 428 429 431 432 454 687
299: 159 160 163 164 165 166 168 195 196 199 200 201 202 204 226 387 388 391 392 393 394 396 423 424 427 428 429 430 432 454 687
300: 161 162 163 164 165 166 167 197 198 199 200 201 202 203 226 389 390 391 392 393 394 395 425 426 427 428 429 430 431 454 687
301: 170 172 206 208 227 398 400 434 436 455 687
302: 169 171 205 207 227 397 399 433 435 455 687
303: 170 174 182 206 210 218 227 398 402 410 434 438 446 455 687
304: 169 173 182 205 209 218 227 397 401 410 433 437 446 455 687
305: 172 176 183 208 212 219 227 400 404 411 436 440 447 455 687
306: 171 175 183 207 211 219 227 399 403 411 435 439 447 455 687
307: 174 178 184 210 214 220 227 402 406 412 438 442 448 455 687
308: 173 177 184 209 213 220 227 401 405 412 437 441 448 455 687
309: 176 180 185 212 216 221 227 404 408 413 440 444 449 455 687
310: 175 179 185 211 215 221 227 403 407 413 439 443 449 455 687
311: 178 181 186 214 217 222 227 406 409 414 442 445 450 455 687
312: 177 181 186 213 217 222 227 405 409 414 441 445 450 455 687
313: 179 180 182 183 184 185 186 215 216 218 219 220 221 222 227 407 408 410 411 412 413 414 443 444 446 447 448 449 450 455 687
314: 171 172 181 183 184 185 186 207 208 217 219 220 221 222 227 399 400 409 411 412 413 414 435 436 445 447 448 449 450 455 687
315: 173 174 181 182 184 185 186 209 210 217 218 220 221 222 227 401 402 409 410 412 413 414 437 438 445 446 448 449 450 455 687
316: 175 176 181 182 183 185 186 211 212 217 218 219 221 222 227 403 404 409 410 411 413 414 439 440 445 446 447 449 450 455 687
317: 177 178 181 182 183 184 186 213 214 217 218 219 220 222 227 405 406 409 410 411 412 414 441 442 445 446 447 448 450 455 687
318: 179 180 181 182 183 184 185 215 216 217 218 219 220 221 227 407 408 409 410 411 412 413 443 444 445 446 447 448 449 455 687
319: 188 190 223 228 416 418 451 456 687
320: 187 189 223 228 415 417 451 456 687
321: 188 192 200 223 228 416 420 428 451 456 687
322: 187 191 200 223 228 415 419 428 451 456 687
323: 190 194 201 223 228 418 422 429 451 456 687
324: 189 193 201 223 228 417 421 429 451 456 687
325: 192 196 202 223 228 420 424 430 451 456 687
326: 191 195 202 223 228 419 423 430 451 456 687
327: 194 198 203 223 228 422 426 431 451 456 687
328: 193 197 203 223 228 421 425 431 451 456 687
329: 196 199 204 223 228 424 427 432 451 456 687
330: 195 199 204 223 228 423 427 432 451 456 687
331: 197 198 200 201 202 203 204 223 228 425 426 428 429 430 431 432 451 456 687
332: 189 190 199 201 202 203 204 223 228 417 418 427 429 430 431 432 451 456 687
333: 191 192 199 200 202 203 204 223 228 419 420 427 428 430 431 432 451 456 687
334: 193 194 199 200 201 203 204 223 228 421 422 427 428 429 431 432 451 456 687
335: 195 196 199 200 201 202 204 223 228 423 424 427 428 429 430 432 451 456 687
336: 197 198 199 200 201 202 203 223 228 425 426 427 428 429 430 431 451 456 687
337: 205 206 207 208 209 210 211 212 213 214 215 216 217 218 219 220 221 222 224 225 226 227 228 433 434 435 436 437 438 439 440 441 442 443 444 445 446 447 448 449 450 452 453 454 455 456 687
338: 133 134 135 136 137 138 139 140 141 142 143 144 145 146 147 148 149 150 223 225 226 227 228 361 362 363 364 365 366 367 368 369 370 371 372 373 374 375 376 377 378 451 453 454 455 456 687
339: 151 152 153 154 155 156 157 158 159 160 161 162 163 164 165 166 167 168 223 224 226 227 228 379 380 381 382 383 384 385 386 387 388 389 390 391 392 393 394 395 396 451 452 454 455 456 687
340: 169 170 171 172 173 174 175 176 177 178 179 180 181 182 183 184 185 186 223 224 225 227 228 397 398 399 400 401 402 403 404 405 406 407 408 409 410 411 412 413 414 451 452 453 455 456 687
341: 187 188 189 190 191 192 193 194 195 196 197 198 199 200 201 202 203 204 223 224 225 226 228 415 416 417 418 419 420 421 422 423 424 425 426 427 428 429 430 431 432 451 452 453 454 456 687
342: 205 206 207 208 209 210 211 212 213 214 215 216 217 218 219 220 221 222 223 224 225 226 227 433 434 435 436 437 438 439 440 441 442 443 444 445 446 447 448 449 450 451 452 453 454 455 687
343: 230 232 248 250 458 460 476 478 688
344: 229 231 247 249 457 459 475 477 688
345: 230 234 242 248 252 260 458 462 470 476 480 488 688
346: 229 233 242 247 251 260 457 461 470 475 479 488 688
347: 232 236 243 250 254 261 460 464 471 478 482 489 688
348: 231 235 243 249 253 261 459 463 471 477 481 489 688
349: 234 238 244 252 256 262 462 466 472 480 484 490 688
350: 233 237 244 251 255 262 461 465 472 479 483 490 688
351: 236 240 245 254 258 263 464 468 473 482 486 491 688
352: 235 239 245 253 257 263 463 467 473 481 485 491 688
353: 238 241 246 256 259 264 466 469 474 484 487 492 688
354: 237 241 246 255 259 264 465 469 474 483 487 492 688
355: 239 240 242 243 244 245 246 257 258 260 261 262 263 264 467 468 470 471 472 473 474 485 486 488 489 490 491 492 688
356: 231 232 241 243 244 245 246 249 250 259 261 262 263 264 459 460 469 471 472 473 474 477 478 487 489 490 491 492 688
357: 233 234 241 242 244 245 246 251 252 259 260 262 263 264 461 462 469 470 472 473 474 479 480 487 488 490 491 492 688
358: 235 236 241 242 243 245 246 253 254 259 260 261 263 264 463 464 469 470 471 473 474 481 482 487 488 489 491 492 688
359: 237 238 241 242 243 244 246 255 256 259 260 261 262 264 465 466 469 470 471 472 474 483 484 487 488 489 490 492 688
360: 239 240 241 242 243 244 245 257 258 259 260 261 262 263 467 468 469 470 471 472 473 485 486 487 488 489 490 491 688
361: 230 232 266 268 338 458 460 494 496 566 688
362: 229 231 265 267 338 457 459 493 495 566 688
363: 230 234 242 266 270 278 338 458 462 470 494 498 506 566 688
364: 229 233 242 265 269 278 338 457 461 470 493 497 506 566 688
365: 232 236 243 268 272 279 338 460 464 471 496 500 507 566 688
366: 231 235 243 267 271 279 338 459 463 471 495 499 507 566 688
367: 234 238 244 270 274 280 338 462 466 472 498 502 508 566 688
368: 233 237 244 269 273 280 338 461 465 472 497 501 508 566 688
369: 236 240 245 272 276 281 338 464 468 473 500 504 509 566 688
370: 235 239 245 271 275 281 338 463 467 473 499 503 509 566 688
371: 238 241 246 274 277 282 338 466 469 474 502 505 510 566 688
372: 237 241 246 273 277 282 338 465 469 474 501 505 510 566 688
373: 239 240 242 243 244 245 246 275 276 278 279 280 281 282 338 467 468 470 471 472 473 474 503 504 506 507 508 509 510 566 688
374: 231 232 241 243 244 245 246 267 268 277 279 280 281 282 338 459 460 469 471 472 473 474 495 496 505 507 508 509 510 566 688
375: 233 234 241 242 244 245 246 269 270 277 278 280 281 282 338 461 462 469 470 472 473 474 497 498 505 506 508 509 510 566 688
376: 235 236 241 242 243 245 246 271 272 277 278 279 281 282 338 463 464 469 470 471 473 474 499 500 505 506 507 509 510 566 688
377: 237 238 241 242 243 244 246 273 274 277 278 279 280 282 338 465 466 469 470 471 472 474 501 502 505 506 507 508 510 566 688
378: 239 240 241 242 243 244 245 275 276 277 278 279 280 281 338 467 468 469 470 471 472 473 503 504 505 506 507 508 509 566 688
379: 248 250 284 286 339 476 478 512 514 567 688
380: 247 249 283 285 339 475 477 511 513 567 688
381: 248 252 260 284 288 296 339 476 480 488 512 516 524 567 688
382: 247 251 260 283 287 296 339 475 479 488 511 515 524 567 688
383: 250 254 261 286 290 297 339 478 482 489 514 518 525 567 688
384: 249 253 261 285 289 297 339 477 481 489 513 517 525 567 688
385: 252 256 262 288 292 298 339 480 484 490 516 520 526 567 688
386: 251 255 262 287 291 298 339 479 483 490 515 519 526 567 688
387: 254 258 263 290 294 299 339 482 486 491 518 522 527 567 688
388: 253 257 263 289 293 299 339 481 485 491 517 521 527 567 688
389: 256 259 264 292 295 300 339 484 487 492 520 523 528 567 688
390: 255 259 264 291 295 300 339 483 487 492 519 523 528 567 688
391: 257 258 260 261 262 263 264 293 294 296 297 298 299 300 339 485 486 488 489 490 491 492 521 522 524 525 526 527 528 567 688
392: 249 250 259 261 262 263 264 285 286 295 297 298 299 300 339 477 478 487 489 490 491 492 513 514 523 525 526 527 528 567 688
393: 251 252 259 260 262 263 264 287 288 295 296 298 299 300 339 479 480 487 488 490 491 492 515 516 523 524 526 527 528 567 688
394: 253 254 259 260 261 263 264 289 290 295 296 297 299 300 339 481 482 487 488 489 491 492 517 518 523 524 525 527 528 567 688
395: 255 256 259 260 261 262 264 291 292 295 296 297 298 300 339 483 484 487 488 489 490 492 519 520 523 524 525 526 528 567 688
396: 257 258 259 260 261 262 263 293 294 295 296 297 298 299 339 485 486 487 488 489 490 491 521 522 523 524 525 526 527 567 688
397: 266 268 302 304 340 494 496 530 532 568 688
398: 265 267 301 303 340 493 495 529 531 568 688
399: 266 270 278 302 306 314 340 494 498 506 530 534 542 568 688
400: 265 269 278 301 305 314 340 493 497 506 529 533 542 568 688
401: 268 272 279 304 308 315 340 496 500 507 532 536 543 568 688
402: 267 271 279 303 307 315 340 495 499 507 531 535 543 568 688
403: 270 274 280 306 310 316 340 498 502 508 534 538 544 568 688
404: 269 273 280 305 309 316 340 497 501 508 533 537 544 568 688
405: 272 276 281 308 312 317 340 500 504 509 536 540 545 568 688
406: 271 275 281 307 311 317 340 499 503 509 535 539 545 568 688
407: 274 277 282 310 313 318 340 502 505 510 538 541 546 568 688
408: 273 277 282 309 313 318 340 501 505 510 537 541 546 568 688
409: 275 276 278 279 280 281 282 311 312 314 315 316 317 318 340 503 504 506 507 508 509 510 539 540 542 543 544 545 546 568 688
410: 267 268 277 279 280 281 282 303 304 313 315 316 317 318 340 495 496 505 507 508 509 510 531 532 541 543 544 545 546 568 688
411: 269 270 277 278 280 281 282 305 306 313 314 316 317 318 340 497 498 505 506 508 509 510 533 534 541 542 544 545 546 568 688
412: 271 272 277 278 279 281 282 307 308 313 314 315 317 318 340 499 500 505 506 507 509 510 535 536 541 542 543 545 546 568 688
413: 273 274 277 278 279 280 282 309 310 313 314 315 316 318 340 501 502 505 506 507 508 510 537 538 541 542 543 544 546 568 688
414: 275 276 277 278 279 280 281 311 312 313 314 315 316 317 340 503 504 505 506 507 508 509 539 540 541 542 543 544 545 568 688
415: 284 286 320 322 341 512 514 548 550 569 688
416: 283 285 319 321 341 511 513 547 549 569 688
417: 284 288 296 320 324 332 341 512 516 524 548 552 560 569 688
418: 283 287 296 319 323 332 341 511 515 524 547 551 560 569 688
419: 286 290 297 322 326 333 341 514 518 525 550 554 561 569 688
420: 285 289 297 321 325 333 341 513 517 525 549 553 561 569 688
421: 288 292 298 324 328 334 341 516 520 526 552 556 562 569 688
422: 287 291 298 323 327 334 341 515 519 526 551 555 562 569 688
423: 290 294 299 326 330 335 341 518 522 527 554 558 563 569 688
424: 289 293 299 325 329 335 341 517 521 527 553 557 563 569 688
425: 292 295 300 328 331 336 341 520 523 528 556 559 564 569 688
426: 291 295 300 327 331 336 341 519 523 528 555 559 564 569 688
427: 293 294 296 297 298 299 300 329 330 332 333 334 335 336 341 521 522 524 525 526 527 528 557 558 560 561 562 563 564 569 688
428: 285 286 295 297 298 299 300 321 322 331 333 334 335 336 341 513 514 523 525 526 527 528 549 550 559 561 562 563 564 569 688
429: 287 288 295 296 298 299 300 323 324 331 332 334 335 336 341 515 516 523 524 526 527 528 551 552 559 560 562 563 564 569 688
430: 289 290 295 296 297 299 300 325 326 331 332 333 335 336 341 517 518 523 524 525 527 528 553 554 559 560 561 563 564 569 688
431: 291 292 295 296 297 298 300 327 328 331 332 333 334 336 341 519 520 523 524 525 526 528 555 556 559 560 561 562 564 569 688
432: 293 294 295 296 297 298 299 329 330 331 332 333 334 335 341 521 522 523 524 525 526 527 557 558 559 560 561 562 563 569 688
433: 302 304 337 342 530 532 565 570 688
434: 301 303 337 342 529 531 565 570 688
435: 302 306 314 337 342 530 534 542 565 570 688
436: 301 305 314 337 342 529 533 542 565 570 688
437: 304 308 315 337 342 532 536 543 565 570 688
438: 303 307 315 337 342 531 535 543 565 570 688
439: 306 310 316 337 342 534 538 544 565 570 688
440: 305 309 316 337 342 533 537 544 565 570 688
441: 308 312 317 337 342 536 540 545 565 570 688
442: 307 311 317 337 342 535 539 545 565 570 688
443: 310 313 318 337 342 538 541 546 565 570 688
444: 309 313 318 337 342 537 541 546 565 570 688
445: 311 312 314 315 316 317 318 337 342 539 540 542 543 544 545 546 565 570 688
446: 303 304 313 315 316 317 318 337 342 531 532 541 543 544 545 546 565 570 688
447: 305 306 313 314 316 317 318 337 342 533 534 541 542 544 545 546 565 570 688
448: 307 308 313 314 315 317 318 337 342 535 536 541 542 543 545 546 565 570 688
449: 309 310 313 314 315 316 318 337 342 537 538 541 542 543 544 546 565 570 688
450: 311 312 313 314 315 316 317 337 342 539 540 541 542 543 544 545 565 570 688
451: 319 320 321 322 323 324 325 326 327 328 329 330 331 332 333 334 335 336 338 339 340 341 342 547 548 549 550 551 552 553 554 555 556 557 558 559 560 561 562 563 564 566 567 568 569 570 688
452: 247 248 249 250 251 252 253 254 255 256 257 258 259 260 261 262 263 264 337 339 340 341 342 475 476 477 478 479 480 481 482 483 484 485 486 487 488 489 490 491 492 565 567 568 569 570 688
453: 265 266 267 268 269 270 271 272 273 274 275 276 277 278 279 280 281 282 337 338 340 341 342 493 494 495 496 497 498 499 500 501 502 503 504 505 506 507 508 509 510 565 566 568 569 570 688
454: 283 284 285 286 287 288 289 290 291 292 293 294 295 296 297 298 299 300 337 338 339 341 342 511 512 513 514 515 516 517 518 519 520 521 522 523 524 525 526 527 528 565 566 567 569 570 688
455: 301 302 303 304 305 306 307 308 309 310 311 312 313 314 315 316 317 318 337 338 339 340 342 529 530 531 532 533 534 535 536 537 538 539 540 541 542 543 544 545 546 565 566 567 568 570 688
456: 319 320 321 322 323 324 325 326 327 328 329 330 331 332 333 334 335 336 337 338 339 340 341 547 548 549 550 551 552 553 554 555 556 557 558 559 560 561 562 563 564 565 566 567 568 569 688
457: 344 346 362 364 572 574 590 592 689
458: 343 345 361 363 571 573 589 591 689
459: 344 348 356 362 366 374 572 576 584 590 594 602 689
460: 343 347 356 361 365 374 571 575 584 589 593 602 689
461: 346 350 357 364 368 375 574 578 585 592 596 603 689
462: 345 349 357 363 367 375 573 577 585 591 595 603 689
463: 348 352 358 366 370 376 576 580 586 594 598 604 689
464: 347 351 358 365 369 376 575 579 586 593 597 604 689
465: 350 354 359 368 372 377 578 582 587 596 600 605 689
466: 349 353 359 367 371 377 577 581 587 595 599 605 689
467: 352 355 360 370 373 378 580 583 588 598 601 606 689
468: 351 355 360 369 373 378 579 583 588 597 601 606 689
469: 353 354 356 357 358 359 360 371 372 374 375 376 377 378 581 582 584 585 586 587 588 599 600 602 603 604 605 606 689
470: 345 346 355 357 358 359 360 363 364 373 375 376 377 378 573 574 583 585 586 587 588 591 592 601 603 604 605 606 689
471: 347 348 355 356 358 359 360 365 366 373 374 376 377 378 575 576 583 584 586 587 588 593 594 601 602 604 605 606 689
472: 349 350 355 356 357 359 360 367 368 373 374 375 377 378 577 578 583 584 585 587 588 595 596 601 602 603 605 606 689
473: 351 352 355 356 357 358 360 369 370 373 374 375 376 378 579 580 583 584 585 586 588 597 598 601 602 603 604 606 689
474: 353 354 355 356 357 358 359 371 372 373 374 375 376 377 581 582 583 584 585 586 587 599 600 601 602 603 604 605 689
475: 344 346 380 382 452 572 574 608 610 680 689
476: 343 345 379 381 452 571 573 607 609 680 689
477: 344 348 356 380 384 392 452 572 576 584 608 612 620 680 689
478: 343 347 356 379 383 392 452 571 575 584 607 611 620 680 689
479: 346 350 357 382 386 393 452 574 578 585 610 614 621 680 689
480: 345 349 357 381 385 393 452 573 577 585 609 613 621 680 689
481: 348 352 358 384 388 394 452 576 580 586 612 616 622 680 689
482: 347 351 358 383 387 394 452 575 579 586 611 615 622 680 689
483: 350 354 359 386 390 395 452 578 582 587 614 618 623 680 689
484: 349 353 359 385 389 395 452 577 581 587 613 617 623 680 689
485: 352 355 360 388 391 396 452 580 583 588 616 619 624 680 689
486: 351 355 360 387 391 396 452 579 583 588 615 619 624 680 689
487: 353 354 356 357 358 359 360 389 390 392 393 394 395 396 452 581 582 584 585 586 587 588 617 618 620 621 622 623 624 680 689
488: 345 346 355 357 358 359 360 381 382 391 393 394 395 396 452 573 574 583 585 586 587 588 609 610 619 621 622 623 624 680 689
489: 347 348 355 356 358 359 360 383 384 391 392 394 395 396 452 575 576 583 584 586 587 588 611 612 619 620 622 623 624 680 689
490: 349 350 355 356 357 359 360 385 386 391 392 393 395 396 452 577 578 583 584 585 587 588 613 614 619 620 621 623 624 680 689
491: 351 352 355 356 357 358 360 387 388 391 392 393 394 396 452 579 580 583 584 585 586 588 615 616 619 620 621 622 624 680 689
492: 353 354 355 356 357 358 359 389 390 391 392 393 394 395 452 581 582 583 584 585 586 587 617 618 619 620 621 622 623 680 689
493: 362 364 398 400 453 590 592 626 628 681 689
494: 361 363 397 399 453 589 591 625 627 681 689
495: 362 366 374 398 402 410 453 590 594 602 626 630 638 681 689
496: 361 365 374 397 401 410 453 589 593 602 625 629 638 681 689
497: 364 368 375 400 404 411 453 592 596 603 628 632 639 681 689
498: 363 367 375 399 403 411 453 591 595 603 627 631 639 681 689
499: 366 370 376 402 406 412 453 594 598 604 630 634 640 681 689
500: 365 369 376 401 405 412 453 593 597 604 629 633 640 681 689
501: 368 372 377 404 408 413 453 596 600 605 632 636 641 681 689
502: 367 371 377 403 407 413 453 595 599 605 631 635 641 681 689
503: 370 373 378 406 409 414 453 598 601 606 634 637 642 681 689
504: 369 373 378 405 409 414 453 597 601 606 633 637 642 681 689
505: 371 372 374 375 376 377 378 407 408 410 411 412 413 414 453 599 600 602 603 604 605 606 635 636 638 639 640 641 642 681 689
506: 363 364 373 375 376 377 378 399 400 409 411 412 413 414 453 591 592 601 603 604 605 606 627 628 637 639 640 641 642 681 689
507: 365 366 373 374 376 377 378 401 402 409 410 412 413 414 453 593 594 601 602 604 605 606 629 630 637 638 640 641 642 681 689
508: 367 368 373 374 375 377 378 403 404 409 410 411 413 414 453 595 596 601 602 603 605 606 631 632 637 638 639 641 642 681 689
509: 369 370 373 374 375 376 378 405 406 409 410 411 412 414 453 597 598 601 602 603 604 606 633 634 637 638 639 640 642 681 689
510: 371 372 373 374 375 376 377 407 408 409 410 411 412 413 453 599 600 601 602 603 604 605 635 636 637 638 639 640 641 681 689
511: 380 382 416 418 454 608 610 644 646 682 689
512: 379 381 415 417 454 607 609 643 645 682 689
513: 380 384 392 416 420 428 454 608 612 620 644 648 656 682 689
514: 379 383 392 415 419 428 454 607 611 620 643 647 656 682 689
515: 382 386 393 418 422 429 454 610 614 621 646 650 657 682 689
516: 381 385 393 417 421 429 454 609 613 621 645 649 657 682 689
517: 384 388 394 420 424 430 454 612 616 622 648 652 658 682 689
518: 383 387 394 419 423 430 454 611 615 622 647 651 658 682 689
519: 386 390 395 422 426 431 454 614 618 623 650 654 659 682 689
520: 385 389 395 421 425 431 454 613 617 623 649 653 659 682 689
521: 388 391 396 424 427 432 454 616 619 624 652 655 660 682 689
522: 387 391 396 423 427 432 454 615 619 624 651 655 660 682 689
523: 389 390 392 393 394 395 396 425 426 428 429 430 431 432 454 617 618 620 621 622 623 624 653 654 656 657 658 659 660 682 689
524: 381 382 391 393 394 395 396 417 418 427 429 430 431 432 454 609 610 619 621 622 623 624 645 646 655 657 658 659 660 682 689
525: 383 384 391 392 394 395 396 419 420 427 428 430 431 432 454 611 612 619 620 622 623 624 647 648 655 656 658 659 660 682 689
526: 385 386 391 392 393 395 396 421 422 427 428 429 431 432 454 613 614 619 620 621 623 624 649 650 655 656 657 659 660 682 689
527: 387 388 391 392 393 394 396 423 424 427 428 429 430 432 454 615 616 619 620 621 622 624 651 652 655 656 657 658 660 682 689
528: 389 390 391 392 393 394 395 425 426 427 428 429 430 431 454 617 618 619 620 621 622 623 653 654 655 656 657 658 659 682 689
529: 398 400 434 436 455 626 628 662 664 683 689
530: 397 399 433 435 455 625 627 661 663 683 689
531: 398 402 410 434 438 446 455 626 630 638 662 666 674 683 689
532: 397 401 410 433 437 446 455 625 629 638 661 665 674 683 689
533: 400 404 411 436 440 447 455 628 632 639 664 668 675 683 689
534: 399 403 411 435 439 447 455 627 631 639 663 667 675 683 689
535: 402 406 412 438 442 448 455 630 634 640 666 670 676 683 689
536: 401 405 412 437 441 448 455 629 633 640 665 669 676 683 689
537: 404 408 413 440 444 449 455 632 636 641 668 672 677 683 689
538: 403 407 413 439 443 449 455 631 635 641 667 671 677 683 689
539: 406 409 414 442 445 450 455 634 637 642 670 673 678 683 689
540: 405 409 414 441 445 450 455 633 637 642 669 673 678 683 689
541: 407 408 410 411 412 413 414 443 444 446 447 448 449 450 455 635 636 638 639 640 641 642 671 672 674 675 676 677 678 683 689
542: 399 400 409 411 412 413 414 435 436 445 447 448 449 450 455 627 628 637 639 640 641 642 663 664 673 675 676 677 678 683 689
543: 401 402 409 410 412 413 414 437 438 445 446 448 449 450 455 629 630 637 638 640 641 642 665 666 673 674 676 677 678 683 689
544: 403 404 409 410 411 413 414 439 440 445 446 447 449 450 455 631 632 637 638 639 641 642 667 668 673 674 675 677 678 683 689
545: 405 406 409 410 411 412 414 441 442 445 446 447 448 450 455 633 634 637 638 639 640 642 669 670 673 674 675 676 678 683 689
546: 407 408 409 410 411 412 413 443 444 445 446 447 448 449 455 635 636 637 638 639 640 641 671 672 673 674 675 676 677 683 689
547: 416 418 451 456 644 646 679 684 689
548: 415 417 451 456 643 645 679 684 689
549: 416 420 428 451 456 644 648 656 679 684 689
550: 415 419 428 451 456 643 647 656 679 684 689
551: 418 422 429 451 456 646 650 657 679 684 689
552: 417 421 429 451 456 645 649 657 679 684 689
553: 420 424 430 451 456 648 652 658 679 684 689
554: 419 423 430 451 456 647 651 658 679 684 689
555: 422 426 431 451 456 650 654 659 679 684 689
556: 421 425 431 451 456 649 653 659 679 684 689
557: 424 427 432 451 456 652 655 660 679 684 689
558: 423 427 432 451 456 651 655 660 679 684 689
559: 425 426 428 429 430 431 432 451 456 653 654 656 657 658 659 660 679 684 689
560: 417 418 427 429 430 431 432 451 456 645 646 655 657 658 659 660 679 684 689
561: 419 420 427 428 430 431 432 451 456 647 648 655 656 658 659 660 679 684 689
562: 421 422 427 428 429 431 432 451 456 649 650 655 656 657 659 660 679 684 689
563: 423 424 427 428 429 430 432 451 456 651 652 655 656 657 658 660 679 684 689
564: 425 426 427 428 429 430 431 451 456 653 654 655 656 657 658 659 679 684 689
565: 433 434 435 436 437 438 439 440 441 442 443 444 445 446 447 448 449 450 452 453 454 455 456 661 662 663 664 665 666 667 668 669 670 671 672 673 674 675 676 677 678 680 681 682 683 684 689
566: 361 362 363 364 365 366 367 368 369 370 371 372 373 374 375 376 377 378 451 453 454 455 456 589 590 591 592 593 594 595 596 597 598 599 600 601 602 603 604 605 606 679 681 682 683 684 689
567: 379 380 381 382 383 384 385 386 387 388 389 390 391 392 393 394 395 396 451 452 454 455 456 607 608 609 610 611 612 613 614 615 616 617 618 619 620 621 622 623 624 679 680 682 683 684 689
568: 397 398 399 400 401 402 403 404 405 406 407 408 409 410 411 412 413 414 451 452 453 455 456 625 626 627 628 629 630 631 632 633 634 635 636 637 638 639 640 641 642 679 680 681 683 684 689
569: 415 416 417 418 419 420 421 422 423 424 425 426 427 428 429 430 431 432 451 452 453 454 456 643 644 645 646 647 648 649 650 651 652 653 654 655 656 657 658 659 660 679 680 681 682 684 689
570: 433 434 435 436 437 438 439 440 441 442 443 444 445 446 447 448 449 450 451 452 453 454 455 661 662 663 664 665 666 667 668 669 670 671 672 673 674 675 676 677 678 679 680 681 682 683 689
571: 458 460 476 478 685 690
572: 457 459 475 477 685 690
573: 458 462 470 476 480 488 685 690
574: 457 461 470 475 479 488 685 690
575: 460 464 471 478 482 489 685 690
576: 459 463 471 477 481 489 685 690
577: 462 466 472 480 484 490 685 690
578: 461 465 472 479 483 490 685 690
579: 464 468 473 482 486 491 685 690
580: 463 467 473 481 485 491 685 690
581: 466 469 474 484 487 492 685 690
582: 465 469 474 483 487 492 685 690
583: 467 468 470 471 472 473 474 485 486 488 489 490 491 492 685 690
584: 459 460 469 471 472 473 474 477 478 487 489 490 491 492 685 690
585: 461 462 469 470 472 473 474 479 480 487 488 490 491 492 685 690
586: 463 464 469 470 471 473 474 481 482 487 488 489 491 492 685 690
587: 465 466 469 470 471 472 474 483 484 487 488 489 490 492 685 690
588: 467 468 469 470 471 472 473 485 486 487 488 489 490 491 685 690
589: 458 460 494 496 566 685 690
590: 457 459 493 495 566 685 690
591: 458 462 470 494 498 506 566 685 690
592: 457 461 470 493 497 506 566 685 690
593: 460 464 471 496 500 507 566 685 690
594: 459 463 471 495 499 507 566 685 690
595: 462 466 472 498 502 508 566 685 690
596: 461 465 472 497 501 508 566 685 690
597: 464 468 473 500 504 509 566 685 690
598: 463 467 473 499 503 509 566 685 690
599: 466 469 474 502 505 510 566 685 690
600: 465 469 474 501 505 510 566 685 690
601: 467 468 470 471 472 473 474 503 504 506 507 508 509 510 566 685 690
602: 459 460 469 471 472 473 474 495 496 505 507 508 509 510 566 685 690
603: 461 462 469 470 472 473 474 497 498 505 506 508 509 510 566 685 690
604: 463 464 469 470 471 473 474 499 500 505 506 507 509 510 566 685 690
605: 465 466 469 470 471 472 474 501 502 505 506 507 508 510 566 685 690
606: 467 468 469 470 471 472 473 503 504 505 506 507 508 509 566 685 690
607: 476 478 512 514 567 685 690
608: 475 477 511 513 567 685 690
609: 476 480 488 512 516 524 567 685 690
610: 475 479 488 511 515 524 567 685 690
611: 478 482 489 514 518 525 567 685 690
612: 477 481 489 513 517 525 567 685 690
613: 480 484 490 516 520 526 567 685 690
614: 479 483 490 515 519 526 567 685 690
615: 482 486 491 518 522 527 567 685 690
616: 481 485 491 517 521 527 567 685 690
617: 484 487 492 520 523 528 567 685 690
618: 483 487 492 519 523 528 567 685 690
619: 485 486 488 489 490 491 492 521 522 524 525 526 527 528 567 685 690
620: 477 478 487 489 490 491 492 513 514 523 525 526 527 528 567 685 690
621: 479 480 487 488 490 491 492 515 516 523 524 526 527 528 567 685 690
622: 481 482 487 488 489 491 492 517 518 523 524 525 527 528 567 685 690
623: 483 484 487 488 489 490 492 519 520 523 524 525 526 528 567 685 690
624: 485 486 487 488 489 490 491 521 522 523 524 525 526 527 567 685 690
625: 494 496 530 532 568 685 690
626: 493 495 529 531 568 685 690
627: 494 498 506 530 534 542 568 685 690
628: 493 497 506 529 533 542 568 685 690
629: 496 500 507 532 536 543 568 685 690
630: 495 499 507 531 535 543 568 685 690
631: 498 502 508 534 538 544 568 685 690
632: 497 501 508 533 537 544 568 685 690
633: 500 504 509 536 540 545 568 685 690
634: 499 503 509 535 539 545 568 685 690
635: 502 505 510 538 541 546 568 685 690
636: 501 505 510 537 541 546 568 685 690
637: 503 504 506 507 508 509 510 539 540 542 543 544 545 546 568 685 690
638: 495 496 505 507 508 509 510 531 532 541 543 544 545 546 568 685 690
639: 497 498 505 506 508 509 510 533 534 541 542 544 545 546 568 685 690
640: 499 500 505 506 507 509 510 535 536 541 542 543 545 546 568 685 690
641: 501 502 505 506 507 508 510 537 538 541 542 543 544 546 568 685 690
642: 503 504 505 506 507 508 509 539 540 541 542 543 544 545 568 685 690
643: 512 514 548 550 569 685 690
644: 511 513 547 549 569 685 690
645: 512 516 524 548 552 560 569 685 690
646: 511 515 524 547 551 560 569 685 690
647: 514 518 525 550 554 561 569 685 690
648: 513 517 525 549 553 561 569 685 690
649: 516 520 526 552 556 562 569 685 690
650: 515 519 526 551 555 562 569 685 690
651: 518 522 527 554 558 563 569 685 690
652: 517 521 527 553 557 563 569 685 690
653: 520 523 528 556 559 564 569 685 690
654: 519 523 528 555 559 564 569 685 690
655: 521 522 524 525 526 527 528 557 558 560 561 562 563 564 569 685 690
656: 513 514 523 525 526 527 528 549 550 559 561 562 563 564 569 685 690
657: 515 516 523 524 526 527 528 551 552 559 560 562 563 564 569 685 690
658: 517 518 523 524 525 527 528 553 554 559 560 561 563 564 569 685 690
659: 519 520 523 524 525 526 528 555 556 559 560 561 562 564 569 685 690
660: 521 522 523 524 525 526 527 557 558 559 560 561 562 563 569 685 690
661: 530 532 565 570 685 690
662: 529 531 565 570 685 690
663: 530 534 542 565 570 685 690
664: 529 533 542 565 570 685 690
665: 532 536 543 565 570 685 690
666: 531 535 543 565 570 685 690
667: 534 538 544 565 570 685 690
668: 533 537 544 565 570 685 690
669: 536 540 545 565 570 685 690
670: 535 539 545 565 570 685 690
671: 538 541 546 565 570 685 690
672: 537 541 546 565 570 685 690
673: 539 540 542 543 544 545 546 565 570 685 690
674: 531 532 541 543 544 545 546 565 570 685 690
675: 533 534 541 542 544 545 546 565 570 685 690
676: 535 536 541 542 543 545 546 565 570 685 690
677: 537 538 541 542 543 544 546 565 570 685 690
678: 539 540 541 542 543 544 545 565 570 685 690
679: 547 548 549 550 551 552 553 554 555 556 557 558 559 560 561 562 563 564 566 567 568 569 570 685 690
680: 475 476 477 478 479 480 481 482 483 484 485 486 487 488 489 490 491 492 565 567 568 569 570 685 690
681: 493 494 495 496 497 498 499 500 501 502 503 504 505 506 507 508 509 510 565 566 568 569 570 685 690
682: 511 512 513 514 515 516 517 518 519 520 521 522 523 524 525 526 527 528 565 566 567 569 570 685 690
683: 529 530 531 532 533 534 535 536 537 538 539 540 541 542 543 544 545 546 565 566 567 568 570 685 690
684: 547 548 549 550 551 552 553 554 555 556 557 558 559 560 561 562 563 564 565 566 567 568 569 685 690
685: 571 572 573 574 575 576 577 578 579 580 581 582 583 584 585 586 587 588 589 590 591 592 593 594 595 596 597 598 599 600 601 602 603 604 605 606 607 608 609 610 611 612 613 614 615 616 617 618 619 620 621 622 623 624 625 626 627 628 629 630 631 632 633 634 635 636 637 638 639 640 641 642 643 644 645 646 647 648 649 650 651 652 653 654 655 656 657 658 659 660 661 662 663 664 665 666 667 668 669 670 671 672 673 674 675 676 677 678 679 680 681 682 683 684 686 687 688 689 690
686: 115 116 117 118 119 120 121 122 123 124 125 126 127 128 129 130 131 132 133 134 135 136 137 138 139 140 141 142 143 144 145 146 147 148 149 150 151 152 153 154 155 156 157 158 159 160 161 162 163 164 165 166 167 168 169 170 171 172 173 174 175 176 177 178 179 180 181 182 183 184 185 186 187 188 189 190 191 192 193 194 195 196 197 198 199 200 201 202 203 204 205 206 207 208 209 210 211 212 213 214 215 216 217 218 219 220 221 222 223 224 225 226 227 228 685 687 688 689 690
687: 229 230 231 232 233 234 235 236 237 238 239 240 241 242 243 244 245 246 247 248 249 250 251 252 253 254 255 256 257 258 259 260 261 262 263 264 265 266 267 268 269 270 271 272 273 274 275 276 277 278 279 280 281 282 283 284 285 286 287 288 289 290 291 292 293 294 295 296 297 298 299 300 301 302 303 304 305 306 307 308 309 310 311 312 313 314 315 316 317 318 319 320 321 322 323 324 325 326 327 328 329 330 331 332 333 334 335 336 337 338 339 340 341 342 685 686 688 689 690
688: 343 344 345 346 347 348 349 350 351 352 353 354 355 356 357 358 359 360 361 362 363 364 365 366 367 368 369 370 371 372 373 374 375 376 377 378 379 380 381 382 383 384 385 386 387 388 389 390 391 392 393 394 395 396 397 398 399 400 401 402 403 404 405 406 407 408 409 410 411 412 413 414 415 416 417 418 419 420 421 422 423 424 425 426 427 428 429 430 431 432 433 434 435 436 437 438 439 440 441 442 443 444 445 446 447 448 449 450 451 452 453 454 455 456 685 686 687 689 690
689: 457 458 459 460 461 462 463 464 465 466 467 468 469 470 471 472 473 474 475 476 477 478 479 480 481 482 483 484 485 486 487 488 489 490 491 492 493 494 495 496 497 498 499 500 501 502 503 504 505 506 507 508 509 510 511 512 513 514 515 516 517 518 519 520 521 522 523 524 525 526 527 528 529 530 531 532 533 534 535 536 537 538 539 540 541 542 543 544 545 546 547 548 549 550 551 552 553 554 555 556 557 558 559 560 561 562 563 564 565 566 567 568 569 570 685 686 687 688 690
690: 571 572 573 574 575 576 577 578 579 580 581 582 583 584 585 586 587 588 589 590 591 592 593 594 595 596 597 598 599 600 601 602 603 604 605 606 607 608 609 610 611 612 613 614 615 616 617 618 619 620 621 622 623 624 625 626 627 628 629 630 631 632 633 634 635 636 637 638 639 640 641 642 643 644 645 646 647 648 649 650 651 652 653 654 655 656 657 658 659 660 661 662 663 664 665 666 667 668 669 670 671 672 673 674 675 676 677 678 679 680 681 682 683 684 685 686 687 688 689

adjacency_list_1_690.txt
1: 2 4 20 22 116 118 134 136
2: 1 3 19 21 115 117 133 135
3: 2 6 14 20 24 32 116 120 128 134 138 146
4: 1 5 14 19 23 32 115 119 128 133 137 146
5: 4 8 15 22 26 33 118 122 129 136 140 147
6: 3 7 15 21 25 33 117 121 129 135 139 147
7: 6 10 16 24 28 34 120 124 130 138 142 148
8: 5 9 16 23 27 34 119 123 130 137 141 148
9: 8 12 17 26 30 35 122 126 131 140 144 149
10: 7 11 17 25 29 35 121 125 131 139 143 149
11: 10 13 18 28 31 36 124 127 132 142 145 150
12: 9 13 18 27 31 36 123 127 132 141 145 150
13: 11 12 14 15 16 17 18 29 30 32 33 34 35 36 125 126 128 129 130 131 132 143 144 146 147 148 149 150
14: 3 4 13 15 16 17 18 21 22 31 33 34 35 36 117 118 127 129 130 131 132 135 136 145 147 148 149 150
15: 5 6 13 14 16 17 18 23 24 31 32 34 35 36 119 120 127 128 130 131 132 137 138 145 146 148 149 150
16: 7 8 13 14 15 17 18 25 26 31 32 33 35 36 121 122 127 128 129 131 132 139 140 145 146 147 149 150
17: 9 10 13 14 15 16 18 27 28 31 32 33 34 36 123 124 127 128 129 130 132 141 142 145 146 147 148 150
18: 11 12 13 14 15 16 17 29 30 31 32 33 34 35 125 126 127 128 129 130 131 143 144 145 146 147 148 149
19: 2 4 38 40 110 116 118 152 154 224
20: 1 3 37 39 110 115 117 151 153 224
21: 2 6 14 38 42 50 110 116 120 128 152 156 164 224
22: 1 5 14 37 41 50 110 115 119 128 151 155 164 224
23: 4 8 15 40 44 51 110 118 122 129 154 158 165 224
24: 3 7 15 39 43 51 110 117 121 129 153 157 165 224
25: 6 10 16 42 46 52 110 120 124 130 156 160 166 224
26: 5 9 16 41 45 52 110 119 123 130 155 159 166 224
27: 8 12 17 44 48 53 110 122 126 131 158 162 167 224
28: 7 11 17 43 47 53 110 121 125 131 157 161 167 224
29: 10 13 18 46 49 54 110 124 127 132 160 163 168 224
30: 9 13 18 45 49 54 110 123 127 132 159 163 168 224
31: 11 12 14 15 16 17 18 47 48 50 51 52 53 54 110 125 126 128 129 130 131 132 161 162 164 165 166 167 168 224
32: 3 4 13 15 16 17 18 39 40 49 51 52 53 54 110 117 118 127 129 130 131 132 153 154 163 165 166 167 168 224
33: 5 6 13 14 16 17 18 41 42 49 50 52 53 54 110 119 120 127 128 130 131 132 155 156 163 164 166 167 168 224
34: 7 8 13 14 15 17 18 43 44 49 50 51 53 54 110 121 122 127 128 129 131 132 157 158 163 164 165 167 168 224
35: 9 10 13 14 15 16 18 45 46 49 50 51 52 54 110 123 124 127 128 129 130 132 159 160 163 164 165 166 168 224
36: 11 12 13 14 15 16 17 47 48 49 50 51 52 53 110 125 126 127 128 129 130 131 161 162 163 164 165 166 167 224
37: 20 22 56 58 111 134 136 170 172 225
38: 19 21 55 57 111 133 135 169 171 225
39: 20 24 32 56 60 68 111 134 138 146 170 174 182 225
40: 19 23 32 55 59 68 111 133 137 146 169 173 182 225
41: 22 26 33 58 62 69 111 136 140 147 172 176 183 225
42: 21 25 33 57 61 69 111 135 139 147 171 175 183 225
43: 24 28 34 60 64 70 111 138 142 148 174 178 184 225
44: 23 27 34 59 63 70 111 137 141 148 173 177 184 225
45: 26 30 35 62 66 71 111 140 144 149 176 180 185 225
46: 25 29 35 61 65 71 111 139 143 149 175 179 185 225
47: 28 31 36 64 67 72 111 142 145 150 178 181 186 225
48: 27 31 36 63 67 72 111 141 145 150 177 181 186 225
49: 29 30 32 33 34 35 36 65 66 68 69 70 71 72 111 143 144 146 147 148 149 150 179 180 182 183 184 185 186 225
50: 21 22 31 33 34 35 36 57 58 67 69 70 71 72 111 135 136 145 147 148 149 150 171 172 181 183 184 185 186 225
51: 23 24 31 32 34 35 36 59 60 67 68 70 71 72 111 137 138 145 146 148 149 150 173 174 181 182 184 185 186 225
52: 25 26 31 32 33 35 36 61 62 67 68 69 71 72 111 139 140 145 146 147 149 150 175 176 181 182 183 185 186 225
53: 27 28 31 32 33 34 36 63 64 67 68 69 70 72 111 141 142 145 146 147 148 150 177 178 181 182 183 184 186 225
54: 29 30 31 32 33 34 35 65 66 67 68 69 70 71 111 143 144 145 146 147 148 149 179 180 181 182 183 184 185 225
55: 38 40 74 76 112 152 154 188 190 226
56: 37 39 73 75 112 151 153 187 189 226
57: 38 42 50 74 78 86 112 152 156 164 188 192 200 226
58: 37 41 50 73 77 86 112 151 155 164 187 191 200 226
59: 40 44 51 76 80 87 112 154 158 165 190 194 201 226
60: 39 43 51 75 79 87 112 153 157 165 189 193 201 226
61: 42 46 52 78 82 88 112 156 160 166 192 196 202 226
62: 41 45 52 77 81 88 112 155 159 166 191 195 202 226
63: 44 48 53 80 84 89 112 158 162 167 194 198 203 226
64: 43 47 53 79 83 89 112 157 161 167 193 197 203 226
65: 46 49 54 82 85 90 112 160 163 168 196 199 204 226
66: 45 49 54 81 85 90 112 159 163 168 195 199 204 226
67: 47 48 50 51 52 53 54 83 84 86 87 88 89 90 112 161 162 164 165 166 167 168 197 198 200 201 202 203 204 226
68: 39 40 49 51 52 53 54 75 76 85 87 88 89 90 112 153 154 163 165 166 167 168 189 190 199 201 202 203 204 226
69: 41 42 49 50 52 53 54 77 78 85 86 88 89 90 112 155 156 163 164 166 167 168 191 192 199 200 202 203 204 226
70: 43 44 49 50 51 53 54 79 80 85 86 87 89 90 112 157 158 163 164 165 167 168 193 194 199 200 201 203 204 226
71: 45 46 49 50 51 52 54 81 82 85 86 87 88 90 112 159 160 163 164 165 166 168 195 196 199 200 201 202 204 226
72: 47 48 49 50 51 52 53 83 84 85 86 87 88 89 112 161 162 163 164 165 166 167 197 198 199 200 201 202 203 226
73: 56 58 92 94 113 170 172 206 208 227
74: 55 57 91 93 113 169 171 205 207 227
75: 56 60 68 92 96 104 113 170 174 182 206 210 218 227
76: 55 59 68 91 95 104 113 169 173 182 205 209 218 227
77: 58 62 69 94 98 105 113 172 176 183 208 212 219 227
78: 57 61 69 93 97 105 113 171 175 183 207 211 219 227
79: 60 64 70 96 100 106 113 174 178 184 210 214 220 227
80: 59 63 70 95 99 106 113 173 177 184 209 213 220 227
81: 62 66 71 98 102 107 113 176 180 185 212 216 221 227
82: 61 65 71 97 101 107 113 175 179 185 211 215 221 227
83: 64 67 72 100 103 108 113 178 181 186 214 217 222 227
84: 63 67 72 99 103 108 113 177 181 186 213 217 222 227
85: 65 66 68 69 70 71 72 101 102 104 105 106 107 108 113 179 180 182 183 184 185 186 215 216 218 219 220 221 222 227
86: 57 58 67 69 70 71 72 93 94 103 105 106 107 108 113 171 172 181 183 184 185 186 207 208 217 219 220 221 222 227
87: 59 60 67 68 70 71 72 95 96 103 104 106 107 108 113 173 174 181 182 184 185 186 209 210 217 218 220 221 222 227
88: 61 62 67 68 69 71 72 97 98 103 104 105 107 108 113 175 176 181 182 183 185 186 211 212 217 218 219 221 222 227
89: 63 64 67 68 69 70 72 99 100 103 104 105 106 108 113 177 178 181 182 183 184 186 213 214 217 218 219 220 222 227
90: 65 66 67 68 69 70 71 101 102 103 104 105 106 107 113 179 180 181 182 183 184 185 215 216 217 218 219 220 221 227
91: 74 76 109 114 188 190 223 228
92: 73 75 109 114 187 189 223 228
93: 74 78 86 109 114 188 192 200 223 228
94: 73 77 86 109 114 187 191 200 223 228
95: 76 80 87 109 114 190 194 201 223 228
96: 75 79 87 109 114 189 193 201 223 228
97: 78 82 88 109 114 192 196 202 223 228
98: 77 81 88 109 114 191 195 202 223 228
99: 80 84 89 109 114 194 198 203 223 228
100: 79 83 89 109 114 193 197 203 223 228
101: 82 85 90 109 114 196 199 204 223 228
102: 81 85 90 109 114 195 199 204 223 228
103: 83 84 86 87 88 89 90 109 114 197 198 200 201 202 203 204 223 228
104: 75 76 85 87 88 89 90 109 114 189 190 199 201 202 203 204 223 228
105: 77 78 85 86 88 89 90 109 114 191 192 199 200 202 203 204 223 228
106: 79 80 85 86 87 89 90 109 114 193 194 199 200 201 203 204 223 228
107: 81 82 85 86 87 88 90 109 114 195 196 199 200 201 202 204 223 228
108: 83 84 85 86 87 88 89 109 114 197 198 199 200 201 202 203 223 228
109: 91 92 93 94 95 96 97 98 99 100 101 102 103 104 105 106 107 108 110 111 112 113 114 205 206 207 208 209 210 211 212 213 214 215 216 217 218 219 220 221 222 224 225 226 227 228
110: 19 20 21 22 23 24 25 26 27 28 29 30 31 32 33 34 35 36 109 111 112 113 114 133 134 135 136 137 138 139 140 141 142 143 144 145 146 147 148 149 150 223 225 226 227 228
111: 37 38 39 40 41 42 43 44 45 46 47 48 49 50 51 52 53 54 109 110 112 113 114 151 152 153 154 155 156 157 158 159 160 161 162 163 164 165 166 167 168 223 224 226 227 228
112: 55 56 57 58 59 60 61 62 63 64 65 66 67 68 69 70 71 72 109 110 111 113 114 169 170 171 172 173 174 175 176 177 178 179 180 181 182 183 184 185 186 223 224 225 227 228
113: 73 74 75 76 77 78 79 80 81 82 83 84 85 86 87 88 89 90 109 110 111 112 114 187 188 189 190 191 192 193 194 195 196 197 198 199 200 201 202 203 204 223 224 225 226 228
114: 91 92 93 94 95 96 97 98 99 100 101 102 103 104 105 106 107 108 109 110 111 112 113 205 206 207 208 209 210 211 212 213 214 215 216 217 218 219 220 221 222 223 224 225 226 227
115: 2 4 20 22 230 232 248 250 686
116: 1 3 19 21 229 231 247 249 686
117: 2 6 14 20 24 32 230 234 242 248 252 260 686
118: 1 5 14 19 23 32 229 233 242 247 251 260 686
119: 4 8 15 22 26 33 232 236 243 250 254 261 686
120: 3 7 15 21 25 33 231 235 243 249 253 261 686
121: 6 10 16 24 28 34 234 238 244 252 256 262 686
122: 5 9 16 23 27 34 233 237 244 251 255 262 686
123: 8 12 17 26 30 35 236 240 245 254 258 263 686
124: 7 11 17 25 29 35 235 239 245 253 257 263 686
125: 10 13 18 28 31 36 238 241 246 256 259 264 686
126: 9 13 18 27 31 36 237 241 246 255 259 264 686
127: 11 12 14 15 16 17 18 29 30 32 33 34 35 36 239 240 242 243 244 245 246 257 258 260 261 262 263 264 686
128: 3 4 13 15 16 17 18 21 22 31 33 34 35 36 231 232 241 243 244 245 246 249 250 259 261 262 263 264 686
129: 5 6 13 14 16 17 18 23 24 31 32 34 35 36 233 234 241 242 244 245 246 251 252 259 260 262 263 264 686
130: 7 8 13 14 15 17 18 25 26 31 32 33 35 36 235 236 241 242 243 245 246 253 254 259 260 261 263 264 686
131: 9 10 13 14 15 16 18 27 28 31 32 33 34 36 237 238 241 242 243 244 246 255 256 259 260 261 262 264 686
132: 11 12 13 14 15 16 17 29 30 31 32 33 34 35 239 240 241 242 243 244 245 257 258 259 260 261 262 263 686
133: 2 4 38 40 110 230 232 266 268 338 686
134: 1 3 37 39 110 229 231 265 267 338 686
135: 2 6 14 38 42 50 110 230 234 242 266 270 278 338 686
136: 1 5 14 37 41 50 110 229 233 242 265 269 278 338 686
137: 4 8 15 40 44 51 110 232 236 243 268 272 279 338 686
138: 3 7 15 39 43 51 110 231 235 243 267 271 279 338 686
139: 6 10 16 42 46 52 110 234 238 244 270 274 280 338 686
140: 5 9 16 41 45 52 110 233 237 244 269 273 280 338 686
141: 8 12 17 44 48 53 110 236 240 245 272 276 281 338 686
142: 7 11 17 43 47 53 110 235 239 245 271 275 281 338 686
143: 10 13 18 46 49 54 110 238 241 246 274 277 282 338 686
144: 9 13 18 45 49 54 110 237 241 246 273 277 282 338 686
145: 11 12 14 15 16 17 18 47 48 50 51 52 53 54 110 239 240 242 243 244 245 246 275 276 278 279 280 281 282 338 686
146: 3 4 13 15 16 17 18 39 40 49 51 52 53 54 110 231 232 241 243 244 245 246 267 268 277 279 280 281 282 338 686
147: 5 6 13 14 16 17 18 41 42 49 50 52 53 54 110 233 234 241 242 244 245 246 269 270 277 278 280 281 282 338 686
148: 7 8 13 14 15 17 18 43 44 49 50 51 53 54 110 235 236 241 242 243 245 246 271 272 277 278 279 281 282 338 686
149: 9 10 13 14 15 16 18 45 46 49 50 51 52 54 110 237 238 241 242 243 244 246 273 274 277 278 279 280 282 338 686
150: 11 12 13 14 15 16 17 47 48 49 50 51 52 53 110 239 240 241 242 243 244 245 275 276 277 278 279 280 281 338 686
151: 20 22 56 58 111 248 250 284 286 339 686
152: 19 21 55 57 111 247 249 283 285 339 686
153: 20 24 32 56 60 68 111 248 252 260 284 288 296 339 686
154: 19 23 32 55 59 68 111 247 251 260 283 287 296 339 686
155: 22 26 33 58 62 69 111 250 254 261 286 290 297 339 686
156: 21 25 33 57 61 69 111 249 253 261 285 289 297 339 686
157: 24 28 34 60 64 70 111 252 256 262 288 292 298 339 686
158: 23 27 34 59 63 70 111 251 255 262 287 291 298 339 686
159: 26 30 35 62 66 71 111 254 258 263 290 294 299 339 686
160: 25 29 35 61 65 71 111 253 257 263 289 293 299 339 686
161: 28 31 36 64 67 72 111 256 259 264 292 295 300 339 686
162: 27 31 36 63 67 72 111 255 259 264 291 295 300 339 686
163: 29 30 32 33 34 35 36 65 66 68 69 70 71 72 111 257 258 260 261 262 263 264 293 294 296 297 298 299 300 339 686
164: 21 22 31 33 34 35 36 57 58 67 69 70 71 72 111 249 250 259 261 262 263 264 285 286 295 297 298 299 300 339 686
165: 23 24 31 32 34 35 36 59 60 67 68 70 71 72 111 251 252 259 260 262 263 264 287 288 295 296 298 299 300 339 686
166: 25 26 31 32 33 35 36 61 62 67 68 69 71 72 111 253 254 259 260 261 263 264 289 290 295 296 297 299 300 339 686
167: 27 28 31 32 33 34 36 63 64 67 68 69 70 72 111 255 256 259 260 261 262 264 291 292 295 296 297 298 300 339 686
168: 29 30 31 32 33 34 35 65 66 67 68 69 70 71 111 257 258 259 260 261 262 263 293 294 295 296 297 298 299 339 686
169: 38 40 74 76 112 266 268 302 304 340 686
170: 37 39 73 75 112 265 267 301 303 340 686
171: 38 42 50 74 78 86 112 266 270 278 302 306 314 340 686
172: 37 41 50 73 77 86 112 265 269 278 301 305 314 340 686
173: 40 44 51 76 80 87 112 268 272 279 304 308 315 340 686
174: 39 43 51 75 79 87 112 267 271 279 303 307 315 340 686
175: 42 46 52 78 82 88 112 270 274 280 306 310 316 340 686
176: 41 45 52 77 81 88 112 269 273 280 305 309 316 340 686
177: 44 48 53 80 84 89 112 272 276 281 308 312 317 340 686
178: 43 47 53 79 83 89 112 271 275 281 307 311 317 340 686
179: 46 49 54 82 85 90 112 274 277 282 310 313 318 340 686
180: 45 49 54 81 85 90 112 273 277 282 309 313 318 340 686
181: 47 48 50 51 52 53 54 83 84 86 87 88 89 90 112 275 276 278 279 280 281 282 311 312 314 315 316 317 318 340 686
182: 39 40 49 51 52 53 54 75 76 85 87 88 89 90 112 267 268 277 279 280 281 282 303 304 313 315 316 317 318 340 686
183: 41 42 49 50 52 53 54 77 78 85 86 88 89 90 112 269 270 277 278 280 281 282 305 306 313 314 316 317 318 340 686
184: 43 44 49 50 51 53 54 79 80 85 86 87 89 90 112 271 272 277 278 279 281 282 307 308 313 314 315 317 318 340 686
185: 45 46 49 50 51 52 54 81 82 85 86 87 88 90 112 273 274 277 278 279 280 282 309 310 313 314 315 316 318 340 686
186: 47 48 49 50 51 52 53 83 84 85 86 87 88 89 112 275 276 277 278 279 280 281 311 312 313 314 315 316 317 340 686
187: 56 58 92 94 113 284 286 320 322 341 686
188: 55 57 91 93 113 283 285 319 321 341 686
189: 56 60 68 92 96 104 113 284 288 296 320 324 332 341 686
190: 55 59 68 91 95 104 113 283 287 296 319 323 332 341 686
191: 58 62 69 94 98 105 113 286 290 297 322 326 333 341 686
192: 57 61 69 93 97 105 113 285 289 297 321 325 333 341 686
193: 60 64 70 96 100 106 113 288 292 298 324 328 334 341 686
194: 59 63 70 95 99 106 113 287 291 298 323 327 334 341 686
195: 62 66 71 98 102 107 113 290 294 299 326 330 335 341 686
196: 61 65 71 97 101 107 113 289 293 299 325 329 335 341 686
197: 64 67 72 100 103 108 113 292 295 300 328 331 336 341 686
198: 63 67 72 99 103 108 113 291 295 300 327 331 336 341 686
199: 65 66 68 69 70 71 72 101 102 104 105 106 107 108 113 293 294 296 297 298 299 300 329 330 332 333 334 335 336 341 686
200: 57 58 67 69 70 71 72 93 94 103 105 106 107 108 113 285 286 295 297 298 299 300 321 322 331 333 334 335 336 341 686
201: 59 60 67 68 70 71 72 95 96 103 104 106 107 108 113 287 288 295 296 298 299 300 323 324 331 332 334 335 336 341 686
202: 61 62 67 68 69 71 72 97 98 103 104 105 107 108 113 289 290 295 296 297 299 300 325 326 331 332 333 335 336 341 686
203: 63 64 67 68 69 70 72 99 100 103 104 105 106 108 113 291 292 295 296 297 298 300 327 328 331 332 333 334 336 341 686
204: 65 66 67 68 69 70 71 101 102 103 104 105 106 107 113 293 294 295 296 297 298 299 329 330 331 332 333 334 335 341 686
205: 74 76 109 114 302 304 337 342 686
206: 73 75 109 114 301 303 337 342 686
207: 74 78 86 109 114 302 306 314 337 342 686
208: 73 77 86 109 114 301 305 314 337 342 686
209: 76 80 87 109 114 304 308 315 337 342 686
210: 75 79 87 109 114 303 307 315 337 342 686
211: 78 82 88 109 114 306 310 316 337 342 686
212: 77 81 88 109 114 305 309 316 337 342 686
213: 80 84 89 109 114 308 312 317 337 342 686
214: 79 83 89 109 114 307 311 317 337 342 686
215: 82 85 90 109 114 310 313 318 337 342 686
216: 81 85 90 109 114 309 313 318 337 342 686
217: 83 84 86 87 88 89 90 109 114 311 312 314 315 316 317 318 337 342 686
218: 75 76 85 87 88 89 90 109 114 303 304 313 315 316 317 318 337 342 686
219: 77 78 85 86 88 89 90 109 114 305 306 313 314 316 317 318 337 342 686
220: 79 80 85 86 87 89 90 109 114 307 308 313 314 315 317 318 337 342 686
221: 81 82 85 86 87 88 90 109 114 309 310 313 314 315 316 318 337 342 686
222: 83 84 85 86 87 88 89 109 114 311 312 313 314 315 316 317 337 342 686
223: 91 92 93 94 95 96 97 98 99 100 101 102 103 104 105 106 107 108 110 111 112 113 114 319 320 321 322 323 324 325 326 327 328 329 330 331 332 333 334 335 336 338 339 340 341 342 686
224: 19 20 21 22 23 24 25 26 27 28 29 30 31 32 33 34 35 36 109 111 112 113 114 247 248 249 250 251 252 253 254 255 256 257 258 259 260 261 262 263 264 337 339 340 341 342 686
225: 37 38 39 40 41 42 43 44 45 46 47 48 49 50 51 52 53 54 109 110 112 113 114 265 266 267 268 269 270 271 272 273 274 275 276 277 278 279 280 281 282 337 338 340 341 342 686
226: 55 56 57 58 59 60 61 62 63 64 65 66 67 68 69 70 71 72 109 110 111 113 114 283 284 285 286 287 288 289 290 291 292 293 294 295 296 297 298 299 300 337 338 339 341 342 686
227: 73 74 75 76 77 78 79 80 81 82 83 84 85 86 87 88 89 90 109 110 111 112 114 301 302 303 304 305 306 307 308 309 310 311 312 313 314 315 316 317 318 337 338 339 340 342 686
228: 91 92 93 94 95 96 97 98 99 100 101 102 103 104 105 106 107 108 109 110 111 112 113 319 320 321 322 323 324 325 326 327 328 329 330 331 332 333 334 335 336 337 338 339 340 341 686
229: 116 118 134 136 344 346 362 364 687
230: 115 117 133 135 343 345 361 363 687
231: 116 120 128 134 138 146 344 348 356 362 366 374 687
232: 115 119 128 133 137 146 343 347 356 361 365 374 687
233: 118 122 129 136 140 147 346 350 357 364 368 375 687
234: 117 121 129 135 139 147 345 349 357 363 367 375 687
235: 120 124 130 138 142 148 348 352 358 366 370 376 687
236: 119 123 130 137 141 148 347 351 358 365 369 376 687
237: 122 126 131 140 144 149 350 354 359 368 372 377 687
238: 121 125 131 139 143 149 349 353 359 367 371 377 687
239: 124 127 132 142 145 150 352 355 360 370 373 378 687
240: 123 127 132 141 145 150 351 355 360 369 373 378 687
241: 125 126 128 129 130 131 132 143 144 146 147 148 149 150 353 354 356 357 358 359 360 371 372 374 375 376 377 378 687
242: 117 118 127 129 130 131 132 135 136 145 147 148 149 150 345 346 355 357 358 359 360 363 364 373 375 376 377 378 687
243: 119 120 127 128 130 131 132 137 138 145 146 148 149 150 347 348 355 356 358 359 360 365 366 373 374 376 377 378 687
244: 121 122 127 128 129 131 132 139 140 145 146 147 149 150 349 350 355 356 357 359 360 367 368 373 374 375 377 378 687
245: 123 124 127 128 129 130 132 141 142 145 146 147 148 150 351 352 355 356 357 358 360 369 370 373 374 375 376 378 687
246: 125 126 127 128 129 130 131 143 144 145 146 147 148 149 353 354 355 356 357 358 359 371 372 373 374 375 376 377 687
247: 116 118 152 154 224 344 346 380 382 452 687
248: 115 117 151 153 224 343 345 379 381 452 687
249: 116 120 128 152 156 164 224 344 348 356 380 384 392 452 687
250: 115 119 128 151 155 164 224 343 347 356 379 383 392 452 687
251: 118 122 129 154 158 165 224 346 350 357 382 386 393 452 687
252: 117 121 129 153 157 165 224 345 349 357 381 385 393 452 687
253: 120 124 130 156 160 166 224 348 352 358 384 388 394 452 687
254: 119 123 130 155 159 166 224 347 351 358 383 387 394 452 687
255: 122 126 131 158 162 167 224 350 354 359 386 390 395 452 687
256: 121 125 131 157 161 167 224 349 353 359 385 389 395 452 687
257: 124 127 132 160 163 168 224 352 355 360 388 391 396 452 687
258: 123 127 132 159 163 168 224 351 355 360 387 391 396 452 687
259: 125 126 128 129 130 131 132 161 162 164 165 166 167 168 224 353 354 356 357 358 359 360 389 390 392 393 394 395 396 452 687
260: 117 118 127 129 130 131 132 153 154 163 165 166 167 168 224 345 346 355 357 358 359 360 381 382 391 393 394 395 396 452 687
261: 119 120 127 128 130 131 132 155 156 163 164 166 167 168 224 347 348 355 356 358 359 360 383 384 391 392 394 395 396 452 687
262: 121 122 127 128 129 131 132 157 158 163 164 165 167 168 224 349 350 355 356 357 359 360 385 386 391 392 393 395 396 452 687
263: 123 124 127 128 129 130 132 159 160 163 164 165 166 168 224 351 352 355 356 357 358 360 387 388 391 392 393 394 396 452 687
264: 125 126 127 128 129 130 131 161 162 163 164 165 166 167 224 353 354 355 356 357 358 359 389 390 391 392 393 394 395 452 687
265: 134 136 170 172 225 362 364 398 400 453 687
266: 133 135 169 171 225 361 363 397 399 453 687
267: 134 138 146 170 174 182 225 362 366 374 398 402 410 453 687
268: 133 137 146 169 173 182 225 361 365 374 397 401 410 453 687
269: 136 140 147 172 176 183 225 364 368 375 400 404 411 453 687
270: 135 139 147 171 175 183 225 363 367 375 399 403 411 453 687
271: 138 142 148 174 178 184 225 366 370 376 402 406 412 453 687
272: 137 141 148 173 177 184 225 365 369 376 401 405 412 453 687
273: 140 144 149 176 180 185 225 368 372 377 404 408 413 453 687
274: 139 143 149 175 179 185 225 367 371 377 403 407 413 453 687
275: 142 145 150 178 181 186 225 370 373 378 406 409 414 453 687
276: 141 145 150 177 181 186 225 369 373 378 405 409 414 453 687
277: 143 144 146 147 148 149 150 179 180 182 183 184 185 186 225 371 372 374 375 376 377 378 407 408 410 411 412 413 414 453 687
278: 135 136 145 147 148 149 150 171 172 181 183 184 185 186 225 363 364 373 375 376 377 378 399 400 409 411 412 413 414 453 687
279: 137 138 145 146 148 149 150 173 174 181 182 184 185 186 225 365 366 373 374 376 377 378 401 402 409 410 412 413 414 453 687
280: 139 140 145 146 147 149 150 175 176 181 182 183 185 186 225 367 368 373 374 375 377 378 403 404 409 410 411 413 414 453 687
281: 141 142 145 146 147 148 150 177 178 181 182 183 184 186 225 369 370 373 374 375 376 378 405 406 409 410 411 412 414 453 687
282: 143 144 145 146 147 148 149 179 180 181 182 183 184 185 225 371 372 373 374 375 376 377 407 408 409 410 411 412 413 453 687
283: 152 154 188 190 226 380 382 416 418 454 687
284: 151 153 187 189 226 379 381 415 417 454 687
285: 152 156 164 188 192 200 226 380 384 392 416 420 428 454 687
286: 151 155 164 187 191 200 226 379 383 392 415 419 428 454 687
287: 154 158 165 190 194 201 226 382 386 393 418 422 429 454 687
288: 153 157 165 189 193 201 226 381 385 393 417 421 429 454 687
289: 156 160 166 192 196 202 226 384 388 394 420 424 430 454 687
290: 155 159 166 191 195 202 226 383 387 394 419 423 430 454 687
291: 158 162 167 194 198 203 226 386 390 395 422 426 431 454 687
292: 157 161 167 193 197 203 226 385 389 395 421 425 431 454 687
293: 160 163 168 196 199 204 226 388 391 396 424 427 432 454 687
294: 159 163 168 195 199 204 226 387 391 396 423 427 432 454 687
295: 161 162 164 165 166 167 168 197 198 200 201 202 203 204 226 389 390 392 393 394 395 396 425 426 428 429 430 431 432 454 687
296: 153 154 163 165 166 167 168 189 190 199 201 202 203 204 226 381 382 391 393 394 395 396 417 418 427 429 430 431 432 454 687
297: 155 156 163 164 166 167 168 191 192 199 200 202 203 204 226 383 384 391 392 394 395 396 419 420 427 428 430 431 432 454 687
298: 157 158 163 164 165 167 168 193 194 199 200 201 203 204 226 385 386 391 392 393 395 396 421 422 427 428 429 431 432 454 687
299: 159 160 163 164 165 166 168 195 196 199 200 201 202 204 226 387 388 391 392 393 394 396 423 424 427 428 429 430 432 454 687
300: 161 162 163 164 165 166 167 197 198 199 200 201 202 203 226 389 390 391 392 393 394 395 425 426 427 428 429 430 431 454 687
301: 170 172 206 208 227 398 400 434 436 455 687
302: 169 171 205 207 227 397 399 433 435 455 687
303: 170 174 182 206 210 218 227 398 402 410 434 438 446 455 687
304: 169 173 182 205 209 218 227 397 401 410 433 437 446 455 687
305: 172 176 183 208 212 219 227 400 404 411 436 440 447 455 687
306: 171 175 183 207 211 219 227 399 403 411 435 439 447 455 687
307: 174 178 184 210 214 220 227 402 406 412 438 442 448 455 687
308: 173 177 184 209 213 220 227 401 405 412 437 441 448 455 687
309: 176 180 185 212 216 221 227 404 408 413 440 444 449 455 687
310: 175 179 185 211 215 221 227 403 407 413 439 443 449 455 687
311: 178 181 186 214 217 222 227 406 409 414 442 445 450 455 687
312: 177 181 186 213 217 222 227 405 409 414 441 445 450 455 687
313: 179 180 182 183 184 185 186 215 216 218 219 220 221 222 227 407 408 410 411 412 413 414 443 444 446 447 448 449 450 455 687
314: 171 172 181 183 184 185 186 207 208 217 219 220 221 222 227 399 400 409 411 412 413 414 435 436 445 447 448 449 450 455 687
315: 173 174 181 182 184 185 186 209 210 217 218 220 221 222 227 401 402 409 410 412 413 414 437 438 445 446 448 449 450 455 687
316: 175 176 181 182 183 185 186 211 212 217 218 219 221 222 227 403 404 409 410 411 413 414 439 440 445 446 447 449 450 455 687
317: 177 178 181 182 183 184 186 213 214 217 218 219 220 222 227 405 406 409 410 411 412 414 441 442 445 446 447 448 450 455 687
318: 179 180 181 182 183 184 185 215 216 217 218 219 220 221 227 407 408 409 410 411 412 413 443 444 445 446 447 448 449 455 687
319: 188 190 223 228 416 418 451 456 687
320: 187 189 223 228 415 417 451 456 687
321: 188 192 200 223 228 416 420 428 451 456 687
322: 187 191 200 223 228 415 419 428 451 456 687
323: 190 194 201 223 228 418 422 429 451 456 687
324: 189 193 201 223 228 417 421 429 451 456 687
325: 192 196 202 223 228 420 424 430 451 456 687
326: 191 195 202 223 228 419 423 430 451 456 687
327: 194 198 203 223 228 422 426 431 451 456 687
328: 193 197 203 223 228 421 425 431 451 456 687
329: 196 199 204 223 228 424 427 432 451 456 687
330: 195 199 204 223 228 423 427 432 451 456 687
331: 197 198 200 201 202 203 204 223 228 425 426 428 429 430 431 432 451 456 687
332: 189 190 199 201 202 203 204 223 228 417 418 427 429 430 431 432 451 456 687
333: 191 192 199 200 202 203 204 223 228 419 420 427 428 430 431 432 451 456 687
334: 193 194 199 200 201 203 204 223 228 421 422 427 428 429 431 432 451 456 687
335: 195 196 199 200 201 202 204 223 228 423 424 427 428 429 430 432 451 456 687
336: 197 198 199 200 201 202 203 223 228 425 426 427 428 429 430 431 451 456 687
337: 205 206 207 208 209 210 211 212 213 214 215 216 217 218 219 220 221 222 224 225 226 227 228 433 434 435 436 437 438 439 440 441 442 443 444 445 446 447 448 449 450 452 453 454 455 456 687
338: 133 134 135 136 137 138 139 140 141 142 143 144 145 146 147 148 149 150 223 225 226 227 228 361 362 363 364 365 366 367 368 369 370 371 372 373 374 375 376 377 378 451 453 454 455 456 687
339: 151 152 153 154 155 156 157 158 159 160 161 162 163 164 165 166 167 168 223 224 226 227 228 379 380 381 382 383 384 385 386 387 388 389 390 391 392 393 394 395 396 451 452 454 455 456 687
340: 169 170 171 172 173 174 175 176 177 178 179 180 181 182 183 184 185 186 223 224 225 227 228 397 398 399 400 401 402 403 404 405 406 407 408 409 410 411 412 413 414 451 452 453 455 456 687
341: 187 188 189 190 191 192 193 194 195 196 197 198 199 200 201 202 203 204 223 224 225 226 228 415 416 417 418 419 420 421 422 423 424 425 426 427 428 429 430 431 432 451 452 453 454 456 687
342: 205 206 207 208 209 210 211 212 213 214 215 216 217 218 219 220 221 222 223 224 225 226 227 433 434 435 436 437 438 439 440 441 442 443 444 445 446 447 448 449 450 451 452 453 454 455 687
343: 230 232 248 250 458 460 476 478 688
344: 229 231 247 249 457 459 475 477 688
345: 230 234 242 248 252 260 458 462 470 476 480 488 688
346: 229 233 242 247 251 260 457 461 470 475 479 488 688
347: 232 236 243 250 254 261 460 464 471 478 482 489 688
348: 231 235 243 249 253 261 459 463 471 477 481 489 688
349: 234 238 244 252 256 262 462 466 472 480 484 490 688
350: 233 237 244 251 255 262 461 465 472 479 483 490 688
351: 236 240 245 254 258 263 464 468 473 482 486 491 688
352: 235 239 245 253 257 263 463 467 473 481 485 491 688
353: 238 241 246 256 259 264 466 469 474 484 487 492 688
354: 237 241 246 255 259 264 465 469 474 483 487 492 688
355: 239 240 242 243 244 245 246 257 258 260 261 262 263 264 467 468 470 471 472 473 474 485 486 488 489 490 491 492 688
356: 231 232 241 243 244 245 246 249 250 259 261 262 263 264 459 460 469 471 472 473 474 477 478 487 489 490 491 492 688
357: 233 234 241 242 244 245 246 251 252 259 260 262 263 264 461 462 469 470 472 473 474 479 480 487 488 490 491 492 688
358: 235 236 241 242 243 245 246 253 254 259 260 261 263 264 463 464 469 470 471 473 474 481 482 487 488 489 491 492 688
359: 237 238 241 242 243 244 246 255 256 259 260 261 262 264 465 466 469 470 471 472 474 483 484 487 488 489 490 492 688
360: 239 240 241 242 243 244 245 257 258 259 260 261 262 263 467 468 469 470 471 472 473 485 486 487 488 489 490 491 688
361: 230 232 266 268 338 458 460 494 496 566 688
362: 229 231 265 267 338 457 459 493 495 566 688
363: 230 234 242 266 270 278 338 458 462 470 494 498 506 566 688
364: 229 233 242 265 269 278 338 457 461 470 493 497 506 566 688
365: 232 236 243 268 272 279 338 460 464 471 496 500 507 566 688
366: 231 235 243 267 271 279 338 459 463 471 495 499 507 566 688
367: 234 238 244 270 274 280 338 462 466 472 498 502 508 566 688
368: 233 237 244 269 273 280 338 461 465 472 497 501 508 566 688
369: 236 240 245 272 276 281 338 464 468 473 500 504 509 566 688
370: 235 239 245 271 275 281 338 463 467 473 499 503 509 566 688
371: 238 241 246 274 277 282 338 466 469 474 502 505 510 566 688
372: 237 241 246 273 277 282 338 465 469 474 501 505 510 566 688
373: 239 240 242 243 244 245 246 275 276 278 279 280 281 282 338 467 468 470 471 472 473 474 503 504 506 507 508 509 510 566 688
374: 231 232 241 243 244 245 246 267 268 277 279 280 281 282 338 459 460 469 471 472 473 474 495 496 505 507 508 509 510 566 688
375: 233 234 241 242 244 245 246 269 270 277 278 280 281 282 338 461 462 469 470 472 473 474 497 498 505 506 508 509 510 566 688
376: 235 236 241 242 243 245 246 271 272 277 278 279 281 282 338 463 464 469 470 471 473 474 499 500 505 506 507 509 510 566 688
377: 237 238 241 242 243 244 246 273 274 277 278 279 280 282 338 465 466 469 470 471 472 474 501 502 505 506 507 508 510 566 688
378: 239 240 241 242 243 244 245 275 276 277 278 279 280 281 338 467 468 469 470 471 472 473 503 504 505 506 507 508 509 566 688
379: 248 250 284 286 339 476 478 512 514 567 688
380: 247 249 283 285 339 475 477 511 513 567 688
381: 248 252 260 284 288 296 339 476 480 488 512 516 524 567 688
382: 247 251 260 283 287 296 339 475 479 488 511 515 524 567 688
383: 250 254 261 286 290 297 339 478 482 489 514 518 525 567 688
384: 249 253 261 285 289 297 339 477 481 489 513 517 525 567 688
385: 252 256 262 288 292 298 339 480 484 490 516 520 526 567 688
386: 251 255 262 287 291 298 339 479 483 490 515 519 526 567 688
387: 254 258 263 290 294 299 339 482 486 491 518 522 527 567 688
388: 253 257 263 289 293 299 339 481 485 491 517 521 527 567 688
389: 256 259 264 292 295 300 339 484 487 492 520 523 528 567 688
390: 255 259 264 291 295 300 339 483 487 492 519 523 528 567 688
391: 257 258 260 261 262 263 264 293 294 296 297 298 299 300 339 485 486 488 489 490 491 492 521 522 524 525 526 527 528 567 688
392: 249 250 259 261 262 263 264 285 286 295 297 298 299 300 339 477 478 487 489 490 491 492 513 514 523 525 526 527 528 567 688
393: 251 252 259 260 262 263 264 287 288 295 296 298 299 300 339 479 480 487 488 490 491 492 515 516 523 524 526 527 528 567 688
394: 253 254 259 260 261 263 264 289 290 295 296 297 299 300 339 481 482 487 488 489 491 492 517 518 523 524 525 527 528 567 688
395: 255 256 259 260 261 262 264 291 292 295 296 297 298 300 339 483 484 487 488 489 490 492 519 520 523 524 525 526 528 567 688
396: 257 258 259 260 261 262 263 293 294 295 296 297 298 299 339 485 486 487 488 489 490 491 521 522 523 524 525 526 527 567 688
397: 266 268 302 304 340 494 496 530 532 568 688
398: 265 267 301 303 340 493 495 529 531 568 688
399: 266 270 278 302 306 314 340 494 498 506 530 534 542 568 688
400: 265 269 278 301 305 314 340 493 497 506 529 533 542 568 688
401: 268 272 279 304 308 315 340 496 500 507 532 536 543 568 688
402: 267 271 279 303 307 315 340 495 499 507 531 535 543 568 688
403: 270 274 280 306 310 316 340 498 502 508 534 538 544 568 688
404: 269 273 280 305 309 316 340 497 501 508 533 537 544 568 688
405: 272 276 281 308 312 317 340 500 504 509 536 540 545 568 688
406: 271 275 281 307 311 317 340 499 503 509 535 539 545 568 688
407: 274 277 282 310 313 318 340 502 505 510 538 541 546 568 688
408: 273 277 282 309 313 318 340 501 505 510 537 541 546 568 688
409: 275 276 278 279 280 281 282 311 312 314 315 316 317 318 340 503 504 506 507 508 509 510 539 540 542 543 544 545 546 568 688
410: 267 268 277 279 280 281 282 303 304 313 315 316 317 318 340 495 496 505 507 508 509 510 531 532 541 543 544 545 546 568 688
411: 269 270 277 278 280 281 282 305 306 313 314 316 317 318 340 497 498 505 506 508 509 510 533 534 541 542 544 545 546 568 688
412: 271 272 277 278 279 281 282 307 308 313 314 315 317 318 340 499 500 505 506 507 509 510 535 536 541 542 543 545 546 568 688
413: 273 274 277 278 279 280 282 309 310 313 314 315 316 318 340 501 502 505 506 507 508 510 537 538 541 542 543 544 546 568 688
414: 275 276 277 278 279 280 281 311 312 313 314 315 316 317 340 503 504 505 506 507 508 509 539 540 541 542 543 544 545 568 688
415: 284 286 320 322 341 512 514 548 550 569 688
416: 283 285 319 321 341 511 513 547 549 569 688
417: 284 288 296 320 324 332 341 512 516 524 548 552 560 569 688
418: 283 287 296 319 323 332 341 511 515 524 547 551 560 569 688
419: 286 290 297 322 326 333 341 514 518 525 550 554 561 569 688
420: 285 289 297 321 325 333 341 513 517 525 549 553 561 569 688
421: 288 292 298 324 328 334 341 516 520 526 552 556 562 569 688
422: 287 291 298 323 327 334 341 515 519 526 551 555 562 569 688
423: 290 294 299 326 330 335 341 518 522 527 554 558 563 569 688
424: 289 293 299 325 329 335 341 517 521 527 553 557 563 569 688
425: 292 295 300 328 331 336 341 520 523 528 556 559 564 569 688
426: 291 295 300 327 331 336 341 519 523 528 555 559 564 569 688
427: 293 294 296 297 298 299 300 329 330 332 333 334 335 336 341 521 522 524 525 526 527 528 557 558 560 561 562 563 564 569 688
428: 285 286 295 297 298 299 300 321 322 331 333 334 335 336 341 513 514 523 525 526 527 528 549 550 559 561 562 563 564 569 688
429: 287 288 295 296 298 299 300 323 324 331 332 334 335 336 341 515 516 523 524 526 527 528 551 552 559 560 562 563 564 569 688
430: 289 290 295 296 297 299 300 325 326 331 332 333 335 336 341 517 518 523 524 525 527 528 553 554 559 560 561 563 564 569 688
431: 291 292 295 296 297 298 300 327 328 331 332 333 334 336 341 519 520 523 524 525 526 528 555 556 559 560 561 562 564 569 688
432: 293 294 295 296 297 298 299 329 330 331 332 333 334 335 341 521 522 523 524 525 526 527 557 558 559 560 561 562 563 569 688
433: 302 304 337 342 530 532 565 570 688
434: 301 303 337 342 529 531 565 570 688
435: 302 306 314 337 342 530 534 542 565 570 688
436: 301 305 314 337 342 529 533 542 565 570 688
437: 304 308 315 337 342 532 536 543 565 570 688
438: 303 307 315 337 342 531 535 543 565 570 688
439: 306 310 316 337 342 534 538 544 565 570 688
440: 305 309 316 337 342 533 537 544 565 570 688
441: 308 312 317 337 342 536 540 545 565 570 688
442: 307 311 317 337 342 535 539 545 565 570 688
443: 310 313 318 337 342 538 541 546 565 570 688
444: 309 313 318 337 342 537 541 546 565 570 688
445: 311 312 314 315 316 317 318 337 342 539 540 542 543 544 545 546 565 570 688
446: 303 304 313 315 316 317 318 337 342 531 532 541 543 544 545 546 565 570 688
447: 305 306 313 314 316 317 318 337 342 533 534 541 542 544 545 546 565 570 688
448: 307 308 313 314 315 317 318 337 342 535 536 541 542 543 545 546 565 570 688
449: 309 310 313 314 315 316 318 337 342 537 538 541 542 543 544 546 565 570 688
450: 311 312 313 314 315 316 317 337 342 539 540 541 542 543 544 545 565 570 688
451: 319 320 321 322 323 324 325 326 327 328 329 330 331 332 333 334 335 336 338 339 340 341 342 547 548 549 550 551 552 553 554 555 556 557 558 559 560 561 562 563 564 566 567 568 569 570 688
452: 247 248 249 250 251 252 253 254 255 256 257 258 259 260 261 262 263 264 337 339 340 341 342 475 476 477 478 479 480 481 482 483 484 485 486 487 488 489 490 491 492 565 567 568 569 570 688
453: 265 266 267 268 269 270 271 272 273 274 275 276 277 278 279 280 281 282 337 338 340 341 342 493 494 495 496 497 498 499 500 501 502 503 504 505 506 507 508 509 510 565 566 568 569 570 688
454: 283 284 285 286 287 288 289 290 291 292 293 294 295 296 297 298 299 300 337 338 339 341 342 511 512 513 514 515 516 517 518 519 520 521 522 523 524 525 526 527 528 565 566 567 569 570 688
455: 301 302 303 304 305 306 307 308 309 310 311 312 313 314 315 316 317 318 337 338 339 340 342 529 530 531 532 533 534 535 536 537 538 539 540 541 542 543 544 545 546 565 566 567 568 570 688
456: 319 320 321 322 323 324 325 326 327 328 329 330 331 332 333 334 335 336 337 338 339 340 341 547 548 549 550 551 552 553 554 555 556 557 558 559 560 561 562 563 564 565 566 567 568 569 688
457: 344 346 362 364 572 574 590 592 689
458: 343 345 361 363 571 573 589 591 689
459: 344 348 356 362 366 374 572 576 584 590 594 602 689
460: 343 347 356 361 365 374 571 575 584 589 593 602 689
461: 346 350 357 364 368 375 574 578 585 592 596 603 689
462: 345 349 357 363 367 375 573 577 585 591 595 603 689
463: 348 352 358 366 370 376 576 580 586 594 598 604 689
464: 347 351 358 365 369 376 575 579 586 593 597 604 689
465: 350 354 359 368 372 377 578 582 587 596 600 605 689
466: 349 353 359 367 371 377 577 581 587 595 599 605 689
467: 352 355 360 370 373 378 580 583 588 598 601 606 689
468: 351 355 360 369 373 378 579 583 588 597 601 606 689
469: 353 354 356 357 358 359 360 371 372 374 375 376 377 378 581 582 584 585 586 587 588 599 600 602 603 604 605 606 689
470: 345 346 355 357 358 359 360 363 364 373 375 376 377 378 573 574 583 585 586 587 588 591 592 601 603 604 605 606 689
471: 347 348 355 356 358 359 360 365 366 373 374 376 377 378 575 576 583 584 586 587 588 593 594 601 602 604 605 606 689
472: 349 350 355 356 357 359 360 367 368 373 374 375 377 378 577 578 583 584 585 587 588 595 596 601 602 603 605 606 689
473: 351 352 355 356 357 358 360 369 370 373 374 375 376 378 579 580 583 584 585 586 588 597 598 601 602 603 604 606 689
474: 353 354 355 356 357 358 359 371 372 373 374 375 376 377 581 582 583 584 585 586 587 599 600 601 602 603 604 605 689
475: 344 346 380 382 452 572 574 608 610 680 689
476: 343 345 379 381 452 571 573 607 609 680 689
477: 344 348 356 380 384 392 452 572 576 584 608 612 620 680 689
478: 343 347 356 379 383 392 452 571 575 584 607 611 620 680 689
479: 346 350 357 382 386 393 452 574 578 585 610 614 621 680 689
480: 345 349 357 381 385 393 452 573 577 585 609 613 621 680 689
481: 348 352 358 384 388 394 452 576 580 586 612 616 622 680 689
482: 347 351 358 383 387 394 452 575 579 586 611 615 622 680 689
483: 350 354 359 386 390 395 452 578 582 587 614 618 623 680 689
484: 349 353 359 385 389 395 452 577 581 587 613 617 623 680 689
485: 352 355 360 388 391 396 452 580 583 588 616 619 624 680 689
486: 351 355 360 387 391 396 452 579 583 588 615 619 624 680 689
487: 353 354 356 357 358 359 360 389 390 392 393 394 395 396 452 581 582 584 585 586 587 588 617 618 620 621 622 623 624 680 689
488: 345 346 355 357 358 359 360 381 382 391 393 394 395 396 452 573 574 583 585 586 587 588 609 610 619 621 622 623 624 680 689
489: 347 348 355 356 358 359 360 383 384 391 392 394 395 396 452 575 576 583 584 586 587 588 611 612 619 620 622 623 624 680 689
490: 349 350 355 356 357 359 360 385 386 391 392 393 395 396 452 577 578 583 584 585 587 588 613 614 619 620 621 623 624 680 689
491: 351 352 355 356 357 358 360 387 388 391 392 393 394 396 452 579 580 583 584 585 586 588 615 616 619 620 621 622 624 680 689
492: 353 354 355 356 357 358 359 389 390 391 392 393 394 395 452 581 582 583 584 585 586 587 617 618 619 620 621 622 623 680 689
493: 362 364 398 400 453 590 592 626 628 681 689
494: 361 363 397 399 453 589 591 625 627 681 689
495: 362 366 374 398 402 410 453 590 594 602 626 630 638 681 689
496: 361 365 374 397 401 410 453 589 593 602 625 629 638 681 689
497: 364 368 375 400 404 411 453 592 596 603 628 632 639 681 689
498: 363 367 375 399 403 411 453 591 595 603 627 631 639 681 689
499: 366 370 376 402 406 412 453 594 598 604 630 634 640 681 689
500: 365 369 376 401 405 412 453 593 597 604 629 633 640 681 689
501: 368 372 377 404 408 413 453 596 600 605 632 636 641 681 689
502: 367 371 377 403 407 413 453 595 599 605 631 635 641 681 689
503: 370 373 378 406 409 414 453 598 601 606 634 637 642 681 689
504: 369 373 378 405 409 414 453 597 601 606 633 637 642 681 689
505: 371 372 374 375 376 377 378 407 408 410 411 412 413 414 453 599 600 602 603 604 605 606 635 636 638 639 640 641 642 681 689
506: 363 364 373 375 376 377 378 399 400 409 411 412 413 414 453 591 592 601 603 604 605 606 627 628 637 639 640 641 642 681 689
507: 365 366 373 374 376 377 378 401 402 409 410 412 413 414 453 593 594 601 602 604 605 606 629 630 637 638 640 641 642 681 689
508: 367 368 373 374 375 377 378 403 404 409 410 411 413 414 453 595 596 601 602 603 605 606 631 632 637 638 639 641 642 681 689
509: 369 370 373 374 375 376 378 405 406 409 410 411 412 414 453 597 598 601 602 603 604 606 633 634 637 638 639 640 642 681 689
510: 371 372 373 374 375 376 377 407 408 409 410 411 412 413 453 599 600 601 602 603 604 605 635 636 637 638 639 640 641 681 689
511: 380 382 416 418 454 608 610 644 646 682 689
512: 379 381 415 417 454 607 609 643 645 682 689
513: 380 384 392 416 420 428 454 608 612 620 644 648 656 682 689
514: 379 383 392 415 419 428 454 607 611 620 643 647 656 682 689
515: 382 386 393 418 422 429 454 610 614 621 646 650 657 682 689
516: 381 385 393 417 421 429 454 609 613 621 645 649 657 682 689
517: 384 388 394 420 424 430 454 612 616 622 648 652 658 682 689
518: 383 387 394 419 423 430 454 611 615 622 647 651 658 682 689
519: 386 390 395 422 426 431 454 614 618 623 650 654 659 682 689
520: 385 389 395 421 425 431 454 613 617 623 649 653 659 682 689
521: 388 391 396 424 427 432 454 616 619 624 652 655 660 682 689
522: 387 391 396 423 427 432 454 615 619 624 651 655 660 682 689
523: 389 390 392 393 394 395 396 425 426 428 429 430 431 432 454 617 618 620 621 622 623 624 653 654 656 657 658 659 660 682 689
524: 381 382 391 393 394 395 396 417 418 427 429 430 431 432 454 609 610 619 621 622 623 624 645 646 655 657 658 659 660 682 689
525: 383 384 391 392 394 395 396 419 420 427 428 430 431 432 454 611 612 619 620 622 623 624 647 648 655 656 658 659 660 682 689
526: 385 386 391 392 393 395 396 421 422 427 428 429 431 432 454 613 614 619 620 621 623 624 649 650 655 656 657 659 660 682 689
527: 387 388 391 392 393 394 396 423 424 427 428 429 430 432 454 615 616 619 620 621 622 624 651 652 655 656 657 658 660 682 689
528: 389 390 391 392 393 394 395 425 426 427 428 429 430 431 454 617 618 619 620 621 622 623 653 654 655 656 657 658 659 682 689
529: 398 400 434 436 455 626 628 662 664 683 689
530: 397 399 433 435 455 625 627 661 663 683 689
531: 398 402 410 434 438 446 455 626 630 638 662 666 674 683 689
532: 397 401 410 433 437 446 455 625 629 638 661 665 674 683 689
533: 400 404 411 436 440 447 455 628 632 639 664 668 675 683 689
534: 399 403 411 435 439 447 455 627 631 639 663 667 675 683 689
535: 402 406 412 438 442 448 455 630 634 640 666 670 676 683 689
536: 401 405 412 437 441 448 455 629 633 640 665 669 676 683 689
537: 404 408 413 440 444 449 455 632 636 641 668 672 677 683 689
538: 403 407 413 439 443 449 455 631 635 641 667 671 677 683 689
539: 406 409 414 442 445 450 455 634 637 642 670 673 678 683 689
540: 405 409 414 441 445 450 455 633 637 642 669 673 678 683 689
541: 407 408 410 411 412 413 414 443 444 446 447 448 449 450 455 635 636 638 639 640 641 642 671 672 674 675 676 677 678 683 689
542: 399 400 409 411 412 413 414 435 436 445 447 448 449 450 455 627 628 637 639 640 641 642 663 664 673 675 676 677 678 683 689
543: 401 402 409 410 412 413 414 437 438 445 446 448 449 450 455 629 630 637 638 640 641 642 665 666 673 674 676 677 678 683 689
544: 403 404 409 410 411 413 414 439 440 445 446 447 449 450 455 631 632 637 638 639 641 642 667 668 673 674 675 677 678 683 689
545: 405 406 409 410 411 412 414 441 442 445 446 447 448 450 455 633 634 637 638 639 640 642 669 670 673 674 675 676 678 683 689
546: 407 408 409 410 411 412 413 443 444 445 446 447 448 449 455 635 636 637 638 639 640 641 671 672 673 674 675 676 677 683 689
547: 416 418 451 456 644 646 679 684 689
548: 415 417 451 456 643 645 679 684 689
549: 416 420 428 451 456 644 648 656 679 684 689
550: 415 419 428 451 456 643 647 656 679 684 689
551: 418 422 429 451 456 646 650 657 679 684 689
552: 417 421 429 451 456 645 649 657 679 684 689
553: 420 424 430 451 456 648 652 658 679 684 689
554: 419 423 430 451 456 647 651 658 679 684 689
555: 422 426 431 451 456 650 654 659 679 684 689
556: 421 425 431 451 456 649 653 659 679 684 689
557: 424 427 432 451 456 652 655 660 679 684 689
558: 423 427 432 451 456 651 655 660 679 684 689
559: 425 426 428 429 430 431 432 451 456 653 654 656 657 658 659 660 679 684 689
560: 417 418 427 429 430 431 432 451 456 645 646 655 657 658 659 660 679 684 689
561: 419 420 427 428 430 431 432 451 456 647 648 655 656 658 659 660 679 684 689
562: 421 422 427 428 429 431 432 451 456 649 650 655 656 657 659 660 679 684 689
563: 423 424 427 428 429 430 432 451 456 651 652 655 656 657 658 660 679 684 689
564: 425 426 427 428 429 430 431 451 456 653 654 655 656 657 658 659 679 684 689
565: 433 434 435 436 437 438 439 440 441 442 443 444 445 446 447 448 449 450 452 453 454 455 456 661 662 663 664 665 666 667 668 669 670 671 672 673 674 675 676 677 678 680 681 682 683 684 689
566: 361 362 363 364 365 366 367 368 369 370 371 372 373 374 375 376 377 378 451 453 454 455 456 589 590 591 592 593 594 595 596 597 598 599 600 601 602 603 604 605 606 679 681 682 683 684 689
567: 379 380 381 382 383 384 385 386 387 388 389 390 391 392 393 394 395 396 451 452 454 455 456 607 608 609 610 611 612 613 614 615 616 617 618 619 620 621 622 623 624 679 680 682 683 684 689
568: 397 398 399 400 401 402 403 404 405 406 407 408 409 410 411 412 413 414 451 452 453 455 456 625 626 627 628 629 630 631 632 633 634 635 636 637 638 639 640 641 642 679 680 681 683 684 689
569: 415 416 417 418 419 420 421 422 423 424 425 426 427 428 429 430 431 432 451 452 453 454 456 643 644 645 646 647 648 649 650 651 652 653 654 655 656 657 658 659 660 679 680 681 682 684 689
570: 433 434 435 436 437 438 439 440 441 442 443 444 445 446 447 448 449 450 451 452 453 454 455 661 662 663 664 665 666 667 668 669 670 671 672 673 674 675 676 677 678 679 680 681 682 683 689
571: 458 460 476 478 685 690
572: 457 459 475 477 685 690
573: 458 462 470 476 480 488 685 690
574: 457 461 470 475 479 488 685 690
575: 460 464 471 478 482 489 685 690
576: 459 463 471 477 481 489 685 690
577: 462 466 472 480 484 490 685 690
578: 461 465 472 479 483 490 685 690
579: 464 468 473 482 486 491 685 690
580: 463 467 473 481 485 491 685 690
581: 466 469 474 484 487 492 685 690
582: 465 469 474 483 487 492 685 690
583: 467 468 470 471 472 473 474 485 486 488 489 490 491 492 685 690
584: 459 460 469 471 472 473 474 477 478 487 489 490 491 492 685 690
585: 461 462 469 470 472 473 474 479 480 487 488 490 491 492 685 690
586: 463 464 469 470 471 473 474 481 482 487 488 489 491 492 685 690
587: 465 466 469 470 471 472 474 483 484 487 488 489 490 492 685 690
588: 467 468 469 470 471 472 473 485 486 487 488 489 490 491 685 690
589: 458 460 494 496 566 685 690
590: 457 459 493 495 566 685 690
591: 458 462 470 494 498 506 566 685 690
592: 457 461 470 493 497 506 566 685 690
593: 460 464 471 496 500 507 566 685 690
594: 459 463 471 495 499 507 566 685 690
595: 462 466 472 498 502 508 566 685 690
596: 461 465 472 497 501 508 566 685 690
597: 464 468 473 500 504 509 566 685 690
598: 463 467 473 499 503 509 566 685 690
599: 466 469 474 502 505 510 566 685 690
600: 465 469 474 501 505 510 566 685 690
601: 467 468 470 471 472 473 474 503 504 506 507 508 509 510 566 685 690
602: 459 460 469 471 472 473 474 495 496 505 507 508 509 510 566 685 690
603: 461 462 469 470 472 473 474 497 498 505 506 508 509 510 566 685 690
604: 463 464 469 470 471 473 474 499 500 505 506 507 509 510 566 685 690
605: 465 466 469 470 471 472 474 501 502 505 506 507 508 510 566 685 690
606: 467 468 469 470 471 472 473 503 504 505 506 507 508 509 566 685 690
607: 476 478 512 514 567 685 690
608: 475 477 511 513 567 685 690
609: 476 480 488 512 516 524 567 685 690
610: 475 479 488 511 515 524 567 685 690
611: 478 482 489 514 518 525 567 685 690
612: 477 481 489 513 517 525 567 685 690
613: 480 484 490 516 520 526 567 685 690
614: 479 483 490 515 519 526 567 685 690
615: 482 486 491 518 522 527 567 685 690
616: 481 485 491 517 521 527 567 685 690
617: 484 487 492 520 523 528 567 685 690
618: 483 487 492 519 523 528 567 685 690
619: 485 486 488 489 490 491 492 521 522 524 525 526 527 528 567 685 690
620: 477 478 487 489 490 491 492 513 514 523 525 526 527 528 567 685 690
621: 479 480 487 488 490 491 492 515 516 523 524 526 527 528 567 685 690
622: 481 482 487 488 489 491 492 517 518 523 524 525 527 528 567 685 690
623: 483 484 487 488 489 490 492 519 520 523 524 525 526 528 567 685 690
624: 485 486 487 488 489 490 491 521 522 523 524 525 526 527 567 685 690
625: 494 496 530 532 568 685 690
626: 493 495 529 531 568 685 690
627: 494 498 506 530 534 542 568 685 690
628: 493 497 506 529 533 542 568 685 690
629: 496 500 507 532 536 543 568 685 690
630: 495 499 507 531 535 543 568 685 690
631: 498 502 508 534 538 544 568 685 690
632: 497 501 508 533 537 544 568 685 690
633: 500 504 509 536 540 545 568 685 690
634: 499 503 509 535 539 545 568 685 690
635: 502 505 510 538 541 546 568 685 690
636: 501 505 510 537 541 546 568 685 690
637: 503 504 506 507 508 509 510 539 540 542 543 544 545 546 568 685 690
638: 495 496 505 507 508 509 510 531 532 541 543 544 545 546 568 685 690
639: 497 498 505 506 508 509 510 533 534 541 542 544 545 546 568 685 690
640: 499 500 505 506 507 509 510 535 536 541 542 543 545 546 568 685 690
641: 501 502 505 506 507 508 510 537 538 541 542 543 544 546 568 685 690
642: 503 504 505 506 507 508 509 539 540 541 542 543 544 545 568 685 690
643: 512 514 548 550 569 685 690
644: 511 513 547 549 569 685 690
645: 512 516 524 548 552 560 569 685 690
646: 511 515 524 547 551 560 569 685 690
647: 514 518 525 550 554 561 569 685 690
648: 513 517 525 549 553 561 569 685 690
649: 516 520 526 552 556 562 569 685 690
650: 515 519 526 551 555 562 569 685 690
651: 518 522 527 554 558 563 569 685 690
652: 517 521 527 553 557 563 569 685 690
653: 520 523 528 556 559 564 569 685 690
654: 519 523 528 555 559 564 569 685 690
655: 521 522 524 525 526 527 528 557 558 560 561 562 563 564 569 685 690
656: 513 514 523 525 526 527 528 549 550 559 561 562 563 564 569 685 690
657: 515 516 523 524 526 527 528 551 552 559 560 562 563 564 569 685 690
658: 517 518 523 524 525 527 528 553 554 559 560 561 563 564 569 685 690
659: 519 520 523 524 525 526 528 555 556 559 560 561 562 564 569 685 690
660: 521 522 523 524 525 526 527 557 558 559 560 561 562 563 569 685 690
661: 530 532 565 570 685 690
662: 529 531 565 570 685 690
663: 530 534 542 565 570 685 690
664: 529 533 542 565 570 685 690
665: 532 536 543 565 570 685 690
666: 531 535 543 565 570 685 690
667: 534 538 544 565 570 685 690
668: 533 537 544 565 570 685 690
669: 536 540 545 565 570 685 690
670: 535 539 545 565 570 685 690
671: 538 541 546 565 570 685 690
672: 537 541 546 565 570 685 690
673: 539 540 542 543 544 545 546 565 570 685 690
674: 531 532 541 543 544 545 546 565 570 685 690
675: 533 534 541 542 544 545 546 565 570 685 690
676: 535 536 541 542 543 545 546 565 570 685 690
677: 537 538 541 542 543 544 546 565 570 685 690
678: 539 540 541 542 543 544 545 565 570 685 690
679: 547 548 549 550 551 552 553 554 555 556 557 558 559 560 561 562 563 564 566 567 568 569 570 685 690
680: 475 476 477 478 479 480 481 482 483 484 485 486 487 488 489 490 491 492 565 567 568 569 570 685 690
681: 493 494 495 496 497 498 499 500 501 502 503 504 505 506 507 508 509 510 565 566 568 569 570 685 690
682: 511 512 513 514 515 516 517 518 519 520 521 522 523 524 525 526 527 528 565 566 567 569 570 685 690
683: 529 530 531 532 533 534 535 536 537 538 539 540 541 542 543 544 545 546 565 566 567 568 570 685 690
684: 547 548 549 550 551 552 553 554 555 556 557 558 559 560 561 562 563 564 565 566 567 568 569 685 690
685: 571 572 573 574 575 576 577 578 579 580 581 582 583 584 585 586 587 588 589 590 591 592 593 594 595 596 597 598 599 600 601 602 603 604 605 606 607 608 609 610 611 612 613 614 615 616 617 618 619 620 621 622 623 624 625 626 627 628 629 630 631 632 633 634 635 636 637 638 639 640 641 642 643 644 645 646 647 648 649 650 651 652 653 654 655 656 657 658 659 660 661 662 663 664 665 666 667 668 669 670 671 672 673 674 675 676 677 678 679 680 681 682 683 684 686 687 688 689 690
686: 115 116 117 118 119 120 121 122 123 124 125 126 127 128 129 130 131 132 133 134 135 136 137 138 139 140 141 142 143 144 145 146 147 148 149 150 151 152 153 154 155 156 157 158 159 160 161 162 163 164 165 166 167 168 169 170 171 172 173 174 175 176 177 178 179 180 181 182 183 184 185 186 187 188 189 190 191 192 193 194 195 196 197 198 199 200 201 202 203 204 205 206 207 208 209 210 211 212 213 214 215 216 217 218 219 220 221 222 223 224 225 226 227 228 685 687 688 689 690
687: 229 230 231 232 233 234 235 236 237 238 239 240 241 242 243 244 245 246 247 248 249 250 251 252 253 254 255 256 257 258 259 260 261 262 263 264 265 266 267 268 269 270 271 272 273 274 275 276 277 278 279 280 281 282 283 284 285 286 287 288 289 290 291 292 293 294 295 296 297 298 299 300 301 302 303 304 305 306 307 308 309 310 311 312 313 314 315 316 317 318 319 320 321 322 323 324 325 326 327 328 329 330 331 332 333 334 335 336 337 338 339 340 341 342 685 686 688 689 690
688: 343 344 345 346 347 348 349 350 351 352 353 354 355 356 357 358 359 360 361 362 363 364 365 366 367 368 369 370 371 372 373 374 375 376 377 378 379 380 381 382 383 384 385 386 387 388 389 390 391 392 393 394 395 396 397 398 399 400 401 402 403 404 405 406 407 408 409 410 411 412 413 414 415 416 417 418 419 420 421 422 423 424 425 426 427 428 429 430 431 432 433 434 435 436 437 438 439 440 441 442 443 444 445 446 447 448 449 450 451 452 453 454 455 456 685 686 687 689 690
689: 457 458 459 460 461 462 463 464 465 466 467 468 469 470 471 472 473 474 475 476 477 478 479 480 481 482 483 484 485 486 487 488 489 490 491 492 493 494 495 496 497 498 499 500 501 502 503 504 505 506 507 508 509 510 511 512 513 514 515 516 517 518 519 520 521 522 523 524 525 526 527 528 529 530 531 532 533 534 535 536 537 538 539 540 541 542 543 544 545 546 547 548 549 550 551 552 553 554 555 556 557 558 559 560 561 562 563 564 565 566 567 568 569 570 685 686 687 688 690
690: 571 572 573 574 575 576 577 578 579 580 581 582 583 584 585 586 587 588 589 590 591 592 593 594 595 596 597 598 599 600 601 602 603 604 605 606 607 608 609 610 611 612 613 614 615 616 617 618 619 620 621 622 623 624 625 626 627 628 629 630 631 632 633 634 635 636 637 638 639 640 641 642 643 644 645 646 647 648 649 650 651 652 653 654 655 656 657 658 659 660 661 662 663 664 665 666 667 668 669 670 671 672 673 674 675 676 677 678 679 680 681 682 683 684 685 686 687 688 689
